,startid,startname,startyear,startcount,startlatitude,startlongitude,zipcode
0,3640,Journal Square,2017,666,40.73367,-74.0625,07306
1,3426,JCBS Depot,2017,7,40.70965083364061,-74.06860113143921,07311
2,3639,Harborside,2017,2076,40.7192517,-74.034234,07302
3,3200,MLK Light Rail,2017,245,40.7111305,-74.0788855,07304
4,3216,Columbia Park,2017,256,40.6970299,-74.0969366,07305
5,3268,Lafayette Park,2017,2331,40.71346382669195,-74.06285852193832,07311
6,3215,Central Ave,2017,879,40.7467299,-74.0492509,07307
7,3197,North St,2017,820,40.752559,-74.044725,07307
8,3271,Danforth Light Rail,2017,238,40.69263996618329,-74.08801227807997,07305
9,3220,5 Corners Library,2017,2125,40.734961020009514,-74.0595030784607,07306
10,3207,Oakland Ave,2017,4677,40.7376037,-74.0524783,07307
11,3185,City Hall,2017,8422,40.7177325,-74.043845,07302
12,3184,Paulus Hook,2017,8036,40.7141454,-74.0335519,07302
13,3199,Newport Pkwy,2017,8610,40.7287448,-74.0321082,07310
14,3280,Astor Place,2017,2147,40.71928220070702,-74.07126188278198,07304
15,3190,Garfield Ave Station,2017,1109,40.7104670233797,-74.07003879547119,07304
16,3193,Lincoln Park,2017,2349,40.7246050998869,-74.07840594649315,07304
17,3269,Brunswick & 6th,2017,6264,40.72601172964625,-74.05038893222809,07302
18,3272,Jersey & 3rd,2017,7366,40.72333158646436,-74.04595255851744,07302
19,3210,Pershing Field,2017,2779,40.742677141,-74.051788633,07307
20,3267,Morris Canal,2017,12251,40.7124188237569,-74.03852552175522,07302
21,3196,Riverview Park,2017,1734,40.7443187,-74.0439909,07307
22,3195,Sip Ave,2017,15597,40.73074262530658,-74.06378388404846,07306
23,3275,Columbus Drive,2017,7009,40.71835519823214,-74.03891444206238,07302
24,3213,Van Vorst Park,2017,9035,40.71848892,-74.047726625,07302
25,3270,Jersey & 6th St,2017,6865,40.72528910781132,-74.04557168483734,07302
26,3276,Marin Light Rail,2017,7918,40.71458403535893,-74.04281705617905,07302
27,3183,Exchange Place,2017,19394,40.7162469,-74.0334588,07302
28,3206,Hilltop,2017,2542,40.7311689,-74.0575736,07306
29,3426,JCBS Depot,2016,1,40.70965083364061,-74.06860113143921,07311
30,3280,Astor Place,2016,177,40.71928220070702,-74.07126188278198,07304
31,3269,Brunswick & 6th,2016,859,40.72601172964625,-74.05038893222809,07302
32,3281,Leonard Gordon Park,2016,558,40.74590996631558,-74.0572714805603,07307
33,3274,Bethune Center,2016,29,40.704957516728605,-74.08593088388443,07305
34,3275,Columbus Drive,2016,2770,40.71835519823214,-74.03891444206238,07302
35,3276,Marin Light Rail,2016,4163,40.71458403535893,-74.04281705617905,07302
36,3278,Monmouth and 6th,2016,3393,40.72568548362901,-74.04879033565521,07302
37,3268,Lafayette Park,2016,835,40.71346382669195,-74.06285852193832,07311
38,3272,Jersey & 3rd,2016,3395,40.72333158646436,-74.04595255851744,07302
39,3270,Jersey & 6th St,2016,3847,40.72528910781132,-74.04557168483734,07302
40,3189,West Side Light Rail,2016,240,40.714402,-74.0887723,07304
41,3200,MLK Light Rail,2016,243,40.7111305,-74.0788855,07304
42,3217,Bayside Park,2016,345,40.698650544,-74.082079678,07305
43,3201,Dey St,2016,2191,40.737711,-74.066921,07306
44,3191,Union St,2016,356,40.7182113,-74.0836394,07304
45,3187,Warren St,2017,9206,40.7211236,-74.03805095,07302
46,3220,5 Corners Library,2016,2729,40.734961020009514,-74.0595030784607,07306
47,3225,Baldwin at Montgomery,2016,4529,40.7236589,-74.0641943,07304
48,3279,Dixon Mills,2017,5395,40.721630142638354,-74.04996782541275,07302
49,3185,City Hall,2016,7791,40.7177325,-74.043845,07302
50,3190,Garfield Ave Station,2016,924,40.7104670233797,-74.07003879547119,07304
51,3210,Pershing Field,2016,3313,40.742677141,-74.051788633,07307
52,3207,Oakland Ave,2016,3979,40.7376037,-74.0524783,07307
53,3194,McGinley Square,2016,7274,40.7253399253558,-74.06762212514877,07306
54,3193,Lincoln Park,2016,3184,40.7246050998869,-74.07840594649315,07304
55,3195,Sip Ave,2016,17137,40.73074262530658,-74.06378388404846,07306
56,3213,Van Vorst Park,2016,8580,40.71848892,-74.047726625,07302
57,3192,Liberty Light Rail,2016,6579,40.7112423,-74.0557013,07311
58,3190,Garfield Ave Station,2015,191,40.7104670233797,-74.07003879547119,07304
59,3189,West Side Light Rail,2015,125,40.714402,-74.0887723,07304
60,3197,North St,2015,217,40.752559,-74.044725,07307
61,3194,McGinley Square,2015,1475,40.7253399253558,-74.06762212514877,07306
62,3207,Oakland Ave,2015,917,40.7376037,-74.0524783,07307
63,3201,Dey St,2015,509,40.737711,-74.066921,07306
64,3216,Columbia Park,2015,63,40.6970299,-74.0969366,07305
65,3214,Essex Light Rail,2015,2746,40.7127742,-74.0364857,07302
66,3186,Grove St PATH,2015,5987,40.71958611647166,-74.04311746358871,07302
67,3217,Bayside Park,2015,82,40.698650544,-74.082079678,07305
68,3273,Manila & 1st,2016,1765,40.721650724879986,-74.04288411140442,07302
69,3202,Newport PATH,2015,3468,40.7272235,-74.0337589,07310
70,3187,Warren St,2015,2235,40.7211236,-74.03805095,07302
71,3225,Baldwin at Montgomery,2015,917,40.7236589,-74.0641943,07304
72,3212,Christ Hospital,2015,861,40.734785818,-74.050443636,07307
73,3195,Sip Ave,2015,3398,40.73074262530658,-74.06378388404846,07306
74,3203,Hamilton Park,2015,4116,40.727595966,-74.044247311,07302
75,3183,Exchange Place,2015,4109,40.7162469,-74.0334588,07302
76,3185,City Hall,2015,1978,40.7177325,-74.043845,07302
77,3133,E 67 St & Park Ave,2015,60,40.76735637,-73.96493528,10065
78,3042,Fulton St & Utica Ave,2015,30,40.6794268,-73.9298911,11233
79,3046,Marcus Garvey Blvd & Macon St,2015,23,40.682601,-73.938037,11216
80,3128,21 St & 43 Ave,2015,16,40.75052534,-73.94594845,11101
81,3052,Lewis Ave & Madison St,2015,37,40.686312,-73.935775,11221
82,3050,Putnam Ave & Throop Ave,2015,55,40.6851532,-73.94111,11216
83,3056,Kosciuszko St & Nostrand Ave,2015,30,40.69072549,-73.95133465,11205
84,3053,Marcy Ave & Lafayette Ave,2015,41,40.6900815,-73.947915,11205
85,3055,Greene Ave & Nostrand Ave,2015,39,40.6883337,-73.950916,11205
86,3059,Pulaski St & Marcus Garvey Blvd,2015,15,40.6933982,-73.939877,11221
87,3105,N 15 St & Wythe Ave,2015,63,40.724055,-73.955736,11222
88,3114,India St & East River,2015,75,40.73165141,-73.96161892,11222
89,3198,Heights Elevator,2016,1793,40.748715945380226,-74.04044330120087,07307
90,3086,Graham Ave & Conselyea St,2015,299,40.715143,-73.944507,11206
91,3061,Throop Ave & Myrtle Ave,2015,35,40.69622937,-73.94371094,11206
92,3064,Myrtle Ave & Lewis Ave,2015,121,40.69681963,-73.93756926,11206
93,3062,Myrtle Ave & Marcy Ave,2015,72,40.69539817,-73.94954908,11205
94,3066,Tompkins Ave & Hopkins St,2015,77,40.69957608,-73.94708417,11206
95,3068,Humboldt St & Varet St,2015,83,40.7031724,-73.940636,11206
96,3211,Newark Ave,2015,2551,40.72152515,-74.046304543,07302
97,3060,Willoughby Ave & Tompkins Ave,2015,82,40.69425403,-73.94626915,11205
98,3067,Broadway & Whipple St,2015,97,40.7016657,-73.9437303,11206
99,3065,Union Ave & Wallabout St,2015,87,40.70029511,-73.95032283,11205
100,3070,McKibbin St & Manhattan Ave,2015,71,40.70510918,-73.94407279,11206
101,3074,Montrose Ave & Bushwick Ave,2015,328,40.70767788,-73.94016171,11206
102,3071,Boerum St & Broadway,2015,116,40.70538077,-73.94976519,11206
103,3069,Lorimer St & Broadway,2015,81,40.70411791,-73.94818595,11206
104,3073,Division Ave & Hooper St,2015,138,40.70691254,-73.95441667,11211
105,3093,N 6 St & Bedford Ave,2015,481,40.71745169,-73.95850939,11211
106,3083,Bushwick Ave & Powers St,2015,264,40.71247661,-73.94100005,11206
107,3214,Essex Light Rail,2017,7918,40.7127742,-74.0364857,07302
108,3081,Graham Ave & Grand St,2015,173,40.711863,-73.944024,11206
109,3106,Driggs Ave & N Henry St,2015,376,40.72325,-73.94308,11222
110,3084,Devoe St & Leonard St,2015,216,40.71348658,-73.94792458,11211
111,3094,Graham Ave & Withers St,2015,225,40.7169811,-73.94485918,11211
112,3088,Union Ave & Jackson St,2015,217,40.7160751,-73.952029,11211
113,319,Fulton St & Broadway,2015,718,40.711066,-74.009447,10007
114,3087,Metropolitan Ave & Meeker Ave,2015,464,40.71413311,-73.95234386,11211
115,3101,N 12 St & Bedford Ave,2015,571,40.72079821,-73.95484712,11222
116,3102,Driggs Ave & Lorimer St,2015,467,40.72179134,-73.9504154,11222
117,3107,Bedford Ave & Nassau Ave,2015,645,40.72311651,-73.95212324,11222
118,3110,Meserole Ave & Manhattan Ave,2015,414,40.72708584,-73.95299117,11222
119,3109,Banker St & Meserole Ave,2015,314,40.72606,-73.95621,11222
120,3127,9 St & 44 Rd,2015,229,40.74966,-73.9521,11109
121,3112,Milton St & Franklin St,2015,627,40.72906,-73.95779,11222
122,3119,Vernon Blvd & 50 Ave,2015,803,40.74232744,-73.95411749,11109
123,3124,46 Ave & 5 St,2015,853,40.74731,-73.95451,11109
124,3121,Jackson Ave & 46 Rd,2015,267,40.74524768,-73.94733276,11101
125,3126,44 Dr & Jackson Ave,2015,579,40.74718234,-73.9432635,11101
126,3130,21 St & Queens Plaza North,2015,172,40.75325964,-73.94335788,11101
127,384,Fulton St & Washington Ave,2015,771,40.683048,-73.964915,11238
128,540,Lexington Ave & E 29 St,2015,2605,40.74311555376486,-73.98215353488922,10010
129,3120,Center BlvdÂ & Borden Ave,2015,551,40.74161,-73.96044,11109
130,3014,E.T. Bike-In Movie Valet Station ,2015,315,40.722852,-73.959114,11222
131,3016,Mobile 01,2015,1039,40.771051856415305,-73.9643383026123,10021
132,2022,E 60 St & York Ave,2015,4788,40.759107,-73.959223,10044
133,443,Bedford Ave & S 9 St,2015,606,40.70853074,-73.96408963,11211
134,271,Ashland Pl & Hanson Pl,2015,38,40.68522671947255,-73.97800147533417,11217
135,2003,1 Ave & E 18 St,2015,2974,40.73381219,-73.98054421,10010
136,228,E 48 St & 3 Ave,2015,9103,40.7546011026,-73.971878855,10167
137,284,Greenwich Ave & 8 Ave,2015,28724,40.7390169121,-74.0026376103,10014
138,396,Lefferts Pl & Franklin Ave,2015,2531,40.680342423,-73.9557689392,11216
139,437,Macon St & Nostrand Ave,2015,2550,40.6809833854,-73.9500479759,11216
140,233,Cadman Plaza W & Pierrepont St,2015,478,40.69475701,-73.99052739,11201
141,255,NYCBS Depot - SSP,2015,15,40.646768,-74.01651,11220
142,521,8 Ave & W 31 St,2015,13650,40.75096735,-73.99444208,10119
143,3191,Union St,2017,606,40.7182113,-74.0836394,07304
144,262,Washington Park,2015,4019,40.6917823,-73.9737299,11217
145,2005,Railroad Ave & Kay Ave,2015,443,40.70531194,-73.97100056,11211
146,3054,Greene Ave & Throop Ave,2015,43,40.6894932,-73.942061,11221
147,2001,Sands St & Navy St,2015,935,40.699773,-73.979927,11201
148,510,W 51 St & 6 Ave,2015,19023,40.7606597,-73.98042047,10020
149,3202,Newport PATH,2016,13363,40.7272235,-74.0337589,07310
150,443,Bedford Ave & S 9th St,2015,935,40.70853074,-73.96408963,11211
151,173,Broadway & W 49 St,2015,22333,40.76064679,-73.98442659,10020
152,137,E 56 St & Madison Ave,2015,12237,40.761628,-73.972924,10022
153,224,Spruce St & Nassau St,2015,11342,40.71146364,-74.00552427,10007
154,322,Clinton St & Tillary St,2015,5721,40.696192,-73.991218,11201
155,500,Broadway & W 51 St,2015,20150,40.76228826,-73.98336183,10020
156,2002,Wythe Ave & Metropolitan Ave,2015,11913,40.716887,-73.963198,11211
157,289,Monroe St & Classon Ave,2015,1496,40.6845683,-73.95881081,11238
158,477,W 41 St & 8 Ave,2015,39430,40.75640548,-73.9900262,10018
159,259,South St & Whitehall St,2015,13002,40.70122128,-74.01234218,10004
160,390,Duffield St & Willoughby St,2015,4545,40.69221589,-73.9842844,11201
161,3091,Frost St & Meeker St,2015,206,40.71764,-73.94882,11211
162,493,W 45 St & 6 Ave,2015,13934,40.7568001,-73.98291153,10112
163,3117,Franklin St & Dupont St,2015,387,40.73564,-73.95866,11109
164,241,DeKalb Ave & S Portland Ave,2015,4783,40.68981035,-73.97493121,11217
165,436,Hancock St & Bedford Ave,2015,1722,40.68216564,-73.95399026,11216
166,460,S 4 St & Wythe Ave,2015,5783,40.71285887,-73.96590294,11211
167,468,Broadway & W 55 St,2015,19825,40.7652654,-73.98192338,10020
168,328,Watts St & Greenwich St,2015,16752,40.72405549,-74.00965965,10013
169,465,Broadway & W 41 St,2015,23784,40.75513557,-73.98658032,10018
170,367,E 53 St & Lexington Ave,2015,11278,40.75828065,-73.97069431,10022
171,2023,E 55 St & Lexington Ave,2015,9800,40.75968085,-73.97031366,10022
172,520,W 52 St & 5 Ave,2015,13970,40.75992262,-73.97648516,10111
173,3196,Riverview Park,2015,479,40.7443187,-74.0439909,07307
174,538,E 48 St & Madison Ave,2015,12362,40.75666,-73.976684,10167
175,400,Pitt St & Stanton St,2015,4174,40.71926081,-73.98178024,10002
176,267,Broadway & W 36 St,2015,13584,40.75097711,-73.98765428,10119
177,505,6 Ave & W 33 St,2015,27799,40.74901271,-73.98848395,10119
178,408,Market St & Cherry St,2015,7196,40.71076228,-73.99400398,10103
179,314,Cadman Plaza West & Montague St,2015,8040,40.69383,-73.990539,11201
180,306,Cliff St & Fulton St,2015,12922,40.70823502,-74.00530063,10038
181,332,Cherry St,2015,9057,40.71219906,-73.97948148,10002
182,457,Broadway & W 58 St,2015,27784,40.76695317,-73.98169333,10020
183,534,Water - Whitehall Plaza,2015,8935,40.70255065,-74.0127234,10004
184,454,E 51 St & 1 Ave,2015,8933,40.75455731,-73.96592976,10017
185,393,E 5 St & Avenue C,2015,10917,40.72299208,-73.97995466,10009
186,2008,Little West St & 1 Pl,2015,18117,40.70569254,-74.01677685,10280
187,469,Broadway & W 53 St,2015,13009,40.76344058,-73.98268129,10020
188,3209,Brunswick St,2016,9574,40.7241765,-74.0506564,07302
189,119,Park Ave & St Edwards St,2015,1091,40.69608941,-73.97803415,11201
190,341,Stanton St & Mangin St,2015,8403,40.71782143,-73.97628939,10002
191,545,E 23 St & 1 Ave,2015,24352,40.736502,-73.97809472,10010
192,238,Bank St & Washington St,2015,14685,40.7361967,-74.00859207,10014
193,385,E 55 St & 2 Ave,2015,9803,40.75797322,-73.96603308,10022
194,411,E 6 St & Avenue D,2015,9157,40.72228087,-73.97668709,10009
195,490,8 Ave & W 33 St,2015,40680,40.751551,-73.993934,10119
196,441,E 52 St & 2 Ave,2015,11010,40.756014,-73.967416,10022
197,300,Shevchenko Pl & E 7 St,2015,18146,40.728145,-73.990214,10003
198,415,Pearl St & Hanover Square,2015,11980,40.7047177,-74.00926027,10004
199,435,W 21 St & 6 Ave,2015,51749,40.74173969,-73.99415556,10119
200,353,S Portland Ave & Hanson Pl,2015,3678,40.68539567,-73.97431458,11217
201,218,Gallatin Pl & Livingston St,2015,2516,40.69028437,-73.98707105,11201
202,344,Monroe St & Bedford Ave,2015,3260,40.6851443,-73.95380904,11216
203,437,Macon St & Nostrand Ave,2015,928,40.68098339,-73.95004798,11216
204,279,Peck Slip & Front St,2015,16655,40.707873,-74.00167,10038
205,391,Clark St & Henry St,2015,9535,40.69760127,-73.99344559,11201
206,410,Suffolk St & Stanton St,2015,21206,40.72066442,-73.98517977,10002
207,298,3 Ave & Schermerhorn St,2015,2786,40.68683208,-73.9796772,11217
208,3076,Scholes St & Manhattan Ave,2015,133,40.70870368,-73.9448625,11206
209,519,Pershing Square North,2015,59300,40.751873,-73.977706,10168
210,303,Mercer St & Spring St,2015,15598,40.72362738,-73.99949601,10012
211,532,S 5 Pl & S 4 St,2015,16171,40.710451,-73.960876,11211
212,365,Fulton St & Grand Ave,2015,4773,40.68223166,-73.9614583,11238
213,354,Emerson Pl & Myrtle Ave,2015,3524,40.69363137,-73.96223558,11205
214,167,E 39 St & 3 Ave,2015,19683,40.7489006,-73.97604882,10168
215,294,Washington Square E,2015,22313,40.73049393,-73.9957214,10012
216,3222,Hanson Pl & St Felix St,2015,192,40.685159599891776,-73.97711366415024,11217
217,260,Broad St & Bridge St,2015,7085,40.70365182,-74.01167797,10004
218,463,9 Ave & W 16 St,2015,27258,40.74206539,-74.00443172,10011
219,375,Mercer St & Bleecker St,2015,28224,40.72679454,-73.99695094,10012
220,3189,West Side Light Rail,2017,323,40.714402,-74.0887723,07304
221,444,Broadway & W 24 St,2015,36892,40.7423543,-73.98915076,10010
222,3271,Danforth Light Rail,2016,60,40.69263996618329,-74.08801227807997,07305
223,511,E 14 St & Avenue B,2015,28832,40.72938685,-73.97772429,10009
224,407,Henry St & Poplar St,2015,2874,40.700469,-73.991454,11201
225,3198,Heights Elevator,2017,1945,40.748715945380226,-74.04044330120087,07307
226,257,Lispenard St & Broadway,2015,16136,40.71939226,-74.00247214,10278
227,324,DeKalb Ave & Hudson Ave,2015,7576,40.689888,-73.981013,11217
228,462,W 22 St & 10 Ave,2015,30898,40.74691959,-74.00451887,10011
229,487,E 20 St & FDR Drive,2015,17683,40.73314259,-73.97573881,10009
230,515,W 43 St & 10 Ave,2015,22319,40.76009437,-73.99461843,10036
231,265,Stanton St & Chrystie St,2015,17636,40.72229346,-73.99147535,10012
232,396,Lefferts Pl & Franklin Ave,2015,998,40.68034242,-73.95576894,11216
233,264,Maiden Ln & Pearl St,2015,11767,40.70706456,-74.00731853,10038
234,295,Pike St & E Broadway,2015,12481,40.71406667,-73.99293911,10103
235,445,E 10 St & Avenue A,2015,28908,40.72740794,-73.98142006,10009
236,3113,Greenpoint Ave & Manhattan Ave,2015,492,40.73026,-73.95394,11222
237,502,Henry St & Grand St,2015,9547,40.714215,-73.981346,10002
238,233,Joralemon St & Adams St,2015,1448,40.69246277,-73.98963911,11201
239,308,St James Pl & Oliver St,2015,9792,40.71307916,-73.99851193,10278
240,537,Lexington Ave & E 24 St,2015,35277,40.74025878,-73.98409214,10010
241,461,E 20 St & 2 Ave,2015,25298,40.73587678,-73.98205027,10010
242,3044,Albany Ave & Fulton St,2015,27,40.6800105,-73.938475,11213
243,448,W 37 St & 10 Ave,2015,20399,40.75660359,-73.9979009,10001
244,304,Broadway & Battery Pl,2015,17408,40.70463334,-74.01361706,10004
245,318,E 43 St & Vanderbilt Ave,2015,30047,40.75320159,-73.9779874,10165
246,404,9 Ave & W 14 St,2015,25199,40.7405826,-74.00550867,10014
247,323,Lawrence St & Willoughby St,2015,7957,40.69236178,-73.98631746,11201
248,401,Allen St & Rivington St,2015,23632,40.72019576,-73.98997825,10002
249,529,W 42 St & 8 Ave,2015,38900,40.7575699,-73.99098507,10018
250,251,Mott St & Prince St,2015,23398,40.72317958,-73.99480012,10012
251,174,E 25 St & 1 Ave,2015,16664,40.7381765,-73.97738662,10010
252,503,E 20 St & Park Ave,2015,24598,40.73827428,-73.98751968,10010
253,416,Cumberland St & Lafayette Ave,2015,4840,40.68753406,-73.97265183,11217
254,266,Avenue D & E 8 St,2015,6310,40.72368361,-73.97574813,10009
255,464,E 56 St & 3 Ave,2015,9156,40.75934501,-73.96759673,10022
256,347,Greenwich St & W Houston St,2015,9587,40.728846,-74.008591,10013
257,281,Grand Army Plaza & Central Park S,2015,33217,40.7643971,-73.97371465,10022
258,127,Barrow St & Hudson St,2015,36073,40.73172428,-74.00674436,10014
259,531,Forsyth St & Broome St,2015,21502,40.71893904,-73.99266288,10012
260,348,W Broadway & Spring St,2015,24718,40.72490985,-74.00154702,10012
261,335,Washington Pl & Broadway,2015,20139,40.72903917,-73.99404649,10012
262,3206,Hilltop,2016,2592,40.7311689,-74.0575736,07306
263,2021,W 45 St & 8 Ave,2015,19386,40.75929124,-73.98859651,10036
264,362,Broadway & W 37 St,2015,11870,40.75172632,-73.98753523,10119
265,418,Front St & Gold St,2015,3568,40.70224,-73.982578,11201
266,284,Greenwich Ave & 8 Ave,2015,13192,40.73901691,-74.00263761,10014
267,406,Hicks St & Montague St,2015,6325,40.69512845,-73.99595065,11201
268,518,E 39 St & 2 Ave,2015,28060,40.74780373,-73.9734419,10174
269,480,W 53 St & 10 Ave,2015,15059,40.76669671,-73.99061728,10019
270,3213,Van Vorst Park,2015,2507,40.71848892,-74.047726625,07302
271,364,Lafayette Ave & Classon Ave,2015,3452,40.68900443,-73.96023854,11205
272,489,10 Ave & W 28 St,2015,23521,40.75066386,-74.00176802,10001
273,495,W 47 St & 10 Ave,2015,18053,40.76269882,-73.99301222,10036
274,326,E 11 St & 1 Ave,2015,20860,40.72953837,-73.98426726,10003
275,282,Kent Ave & S 11 St,2015,4958,40.70827295,-73.96834101,11211
276,386,Centre St & Worth St,2015,13938,40.71494807,-74.00234482,10278
277,422,W 59 St & 10 Ave,2015,12862,40.770513,-73.988038,10019
278,244,Willoughby Ave & Hall St,2015,4402,40.69196035,-73.96536851,11205
279,3002,South End Ave & Liberty St,2015,26370,40.711512,-74.015756,10006
280,316,Fulton St & William St,2015,12773,40.70955958,-74.00653609,10038
281,412,Forsyth St & Canal St,2015,14435,40.7158155,-73.99422366,10103
282,217,Old Fulton St,2015,12613,40.70277159,-73.99383605,11201
283,317,E 6 St & Avenue B,2015,15898,40.72453734,-73.98185424,10009
284,3273,Manila & 1st,2017,5074,40.721650724879986,-74.04288411140442,07302
285,3205,JC Medical Center,2015,1272,40.71653978099194,-74.0496379137039,07302
286,517,Pershing Square South,2015,30340,40.751581,-73.97791,10168
287,498,Broadway & W 32 St,2015,22598,40.74854862,-73.98808416,10119
288,325,E 19 St & 3 Ave,2015,17085,40.73624527,-73.98473765,10010
289,82,St James Pl & Pearl St,2015,6133,40.71117416,-74.00016545,10038
290,523,W 38 St & 8 Ave,2015,31270,40.75466591,-73.99138152,10018
291,331,Pike St & Monroe St,2015,7378,40.71173107,-73.99193043,10103
292,236,St Marks Pl & 2 Ave,2015,26867,40.7284186,-73.98713956,10003
293,291,Madison St & Montgomery St,2015,6995,40.713126,-73.984844,10002
294,144,Nassau St & Navy St,2015,2980,40.69839895,-73.98068914,11201
295,419,Carlton Ave & Park Ave,2015,2828,40.69580705,-73.97355569,11201
296,524,W 43 St & 6 Ave,2015,11535,40.75527307,-73.98316936,10173
297,546,E 30 St & Park Ave S,2015,26619,40.74444921,-73.98303529,10016
298,392,Jay St & Tech Pl,2015,7429,40.695065,-73.987167,11201
299,432,E 7 St & Avenue A,2015,31773,40.72621788,-73.98379855,10009
300,329,Greenwich St & N Moore St,2015,22309,40.72043411,-74.01020609,10013
301,302,Avenue D & E 3 St,2015,8752,40.72082834,-73.97793172,10009
302,320,Leonard St & Church St,2015,11343,40.717571,-74.005549,10278
303,312,Allen St & E Houston St,2015,23021,40.722055,-73.989111,10012
304,491,E 24 St & Park Ave S,2015,24900,40.74096374,-73.98602213,10010
305,254,W 11 St & 6 Ave,2015,13363,40.73532427,-73.99800419,10003
306,478,11 Ave & W 41 St,2015,21640,40.76030096,-73.99884222,10036
307,473,Rivington St & Chrystie St,2015,13230,40.72110063,-73.9919254,10012
308,366,Clinton Ave & Myrtle Ave,2015,8231,40.693261,-73.968896,11205
309,168,W 18 St & 6 Ave,2015,28869,40.73971301,-73.99456405,10003
310,358,Christopher St & Greenwich St,2015,37741,40.73291553,-74.00711384,10014
311,350,Clinton St & Grand St,2015,11931,40.71559509,-73.9870295,10002
312,2004,6 Ave & Broome St,2015,15357,40.724399,-74.004704,10013
313,307,Canal St & Rutgers St,2015,21352,40.71427487,-73.98990025,10002
314,372,Franklin Ave & Myrtle Ave,2015,1604,40.694528,-73.958089,11205
315,394,E 9 St & Avenue C,2015,16942,40.72521311,-73.97768752,10009
316,384,Fulton St & Waverly Ave,2015,454,40.68317813,-73.9659641,11238
317,310,State St & Smith St,2015,9266,40.68926942,-73.98912867,11201
318,509,9 Ave & W 22 St,2015,28695,40.7454973,-74.00197139,10011
319,279,Peck Slip & Front Street,2015,1,40.707873,-74.00167,10038
320,3047,Halsey St & Tompkins Ave,2015,34,40.6823687,-73.944118,11216
321,2010,Grand St & Greene St,2015,16434,40.72165481,-74.00234737,10012
322,497,E 17 St & Broadway,2015,53017,40.73704984,-73.99009296,10003
323,389,Broadway & Berry St,2015,5125,40.71044554,-73.96525063,11211
324,479,9 Ave & W 45 St,2015,23328,40.76019252,-73.9912551,10036
325,421,Clermont Ave & Park Ave,2015,2924,40.69573398,-73.97129668,11205
326,499,Broadway & W 60 St,2015,42868,40.76915505,-73.98191841,10019
327,150,E 2 St & Avenue C,2015,12430,40.7208736,-73.98085795,10009
328,369,Washington Pl & 6 Ave,2015,14654,40.73224119,-74.00026394,10012
329,83,Atlantic Ave & Fort Greene Pl,2015,6929,40.68382604,-73.97632328,11217
330,522,E 51 St & Lexington Ave,2015,13436,40.75714758,-73.97207836,10154
331,3203,Hamilton Park,2016,15300,40.727595966,-74.044247311,07302
332,3220,5 Corners Library,2015,622,40.734961020009514,-74.0595030784607,07306
333,3199,Newport Pkwy,2015,2323,40.7287448,-74.0321082,07310
334,420,Clermont Ave & Lafayette Ave,2015,3834,40.68764484,-73.96968902,11238
335,430,York St & Jay St,2015,11213,40.7014851,-73.98656928,11201
336,434,9 Ave & W 18 St,2015,20752,40.74317449,-74.00366443,10011
337,476,E 31 St & 3 Ave,2015,22701,40.74394314,-73.97966069,10016
338,343,Clinton Ave & Flushing Ave,2015,2861,40.69794,-73.96986848,11205
339,116,W 17 St & 8 Ave,2015,25859,40.74177603,-74.00149746,10011
340,527,E 33 St & 2 Ave,2015,26217,40.744023,-73.976056,10016
341,340,Madison St & Clinton St,2015,8929,40.71269042,-73.98776323,10002
342,223,W 13 St & 7 Ave,2015,20307,40.73781509,-73.99994661,10014
343,538,E 48 St & Madison Ave,2014,1781,40.75666,-73.976684,10167
344,3115,India St & Manhattan Ave,2015,473,40.73232194,-73.9550858,11222
345,279,Peck Slip & Front Street,2014,9274,40.707873,-74.00167,10038
346,2001,Sands St & Navy St,2014,1010,40.699773,-73.979927,11201
347,507,E 25 St & 2 Ave,2015,25221,40.73912601,-73.97973776,10010
348,314,Cadman Plaza West & Montague St,2014,8576,40.69383,-73.990539,11201
349,153,E 40 St & 5 Ave,2015,16962,40.752062307,-73.9816324043,10165
350,376,John St & William St,2015,10450,40.70862144,-74.00722156,10038
351,517,E 41 St & Madison Ave,2014,18684,40.752141,-73.979782,10165
352,491,E 24 St & Park Ave S,2014,32233,40.74096374,-73.98602213,10010
353,3278,Monmouth and 6th,2017,5236,40.72568548362901,-74.04879033565521,07302
354,519,E 42 St & Vanderbilt Ave,2014,56308,40.752416,-73.97837,10165
355,419,Carlton Ave & Park Ave,2014,2986,40.69580705,-73.97355569,11201
356,2005,Railroad Ave & Kay Ave,2014,843,40.70531194,-73.97100056,11211
357,431,Hanover Pl & Livingston St,2014,1975,40.68864636,-73.98263429,11217
358,250,Lafayette St & Jersey St,2015,36966,40.72456089,-73.99565293,10012
359,3111,Norman Ave & Leonard St,2015,381,40.7258483,-73.95064893,11222
360,359,E 47 St & Park Ave,2014,29563,40.75510267,-73.97498696,10167
361,443,Bedford Ave & S 9th St,2014,2304,40.70853074,-73.96408963,11211
362,510,W 51 St & 6 Ave,2014,26845,40.7606597,-73.98042047,10020
363,477,W 41 St & 8 Ave,2014,51922,40.75640548,-73.9900262,10018
364,465,Broadway & W 41 St,2014,43369,40.75513557,-73.98658032,10018
365,337,Old Slip & Front St,2014,12213,40.7037992,-74.00838676,10005
366,356,Bialystoker Pl & Delancey St,2015,13789,40.71622644,-73.98261206,10002
367,457,Broadway & W 58 St,2014,41576,40.76695317,-73.98169333,10020
368,259,South St & Whitehall St,2014,17011,40.70122128,-74.01234218,10004
369,237,E 11 St & 2 Ave,2015,25469,40.73047309,-73.98672378,10003
370,3186,Grove St PATH,2016,28737,40.71958611647166,-74.04311746358871,07302
371,315,South St & Gouverneur Ln,2014,21048,40.70355377,-74.00670227,10005
372,303,Mercer St & Spring St,2014,24990,40.72362738,-73.99949601,10012
373,360,William St & Pine St,2014,17030,40.70717936,-74.00887308,10006
374,517,Pershing Square South,2014,10702,40.751581,-73.97791,10168
375,414,Pearl St & Anchorage Pl,2014,9339,40.70281858,-73.98765762,11201
376,421,Clermont Ave & Park Ave,2014,4136,40.69573398,-73.97129668,11205
377,337,Old Slip & Front St,2015,8486,40.7037992,-74.00838676,10005
378,275,Washington Ave & Greene Ave,2014,4077,40.68650065,-73.96563307,11238
379,144,Nassau St & Navy St,2014,3943,40.69839895,-73.98068914,11201
380,72,W 52 St & 11 Ave,2014,24667,40.76727216,-73.99392888,10019
381,2022,E 59 St & Sutton Pl,2014,16461,40.75849116,-73.95920622,10044
382,262,Washington Park,2014,6377,40.69178232,-73.97372989,11217
383,349,Rivington St & Ridge St,2014,15325,40.71850211,-73.98329859,10002
384,242,Flushing Ave & Carlton Ave,2014,5531,40.69788349,-73.97350332,11201
385,332,Cherry St,2014,12352,40.71219906,-73.97948148,10002
386,320,Leonard St & Church St,2014,13746,40.717571,-74.005549,10278
387,3198,Heights Elevator,2015,375,40.748715945380226,-74.04044330120087,07307
388,119,Park Ave & St Edwards St,2014,1815,40.69608941,-73.97803415,11201
389,309,Murray St & West St,2014,18576,40.7149787,-74.013012,10282
390,3188,NJCU,2016,519,40.7101087,-74.0858489,07305
391,2008,Little West St & 1 Pl,2014,21491,40.70569254,-74.01677685,10280
392,522,E 51 St & Lexington Ave,2014,19073,40.75714758,-73.97207836,10154
393,3158,W 63 St & Broadway,2015,58,40.77163851,-73.98261428,10023
394,278,Concord St & Bridge St,2014,4456,40.69766564,-73.98476437,11201
395,3206,Hilltop,2015,815,40.7311689,-74.0575736,07306
396,427,Bus Slip & State St,2014,13050,40.701907,-74.013942,10004
397,266,Avenue D & E 8 St,2014,8795,40.72368361,-73.97574813,10009
398,340,Madison St & Clinton St,2014,12891,40.71269042,-73.98776323,10002
399,418,Front St & Gold St,2014,5537,40.70224,-73.982578,11201
400,403,E 2 St & 2 Ave,2015,18903,40.72502876,-73.99069656,10012
401,436,Hancock St & Bedford Ave,2014,3691,40.68216564,-73.95399026,11216
402,496,E 16 St & 5 Ave,2015,27384,40.73726186,-73.99238967,10003
403,232,Cadman Plaza E & Tillary St,2014,8193,40.69597683,-73.99014892,11201
404,306,Cliff St & Fulton St,2014,23684,40.70823502,-74.00530063,10038
405,305,E 58 St & 3 Ave,2014,33254,40.76095756,-73.96724467,10022
406,540,Lexington Ave & E 26 St,2015,1067,40.74147286,-73.98320928,10010
407,279,Sands St & Gold St,2014,1362,40.69986937,-73.98271933,11201
408,472,E 32 St & Park Ave,2014,43561,40.7457121,-73.98194829,10016
409,415,Pearl St & Hanover Square,2014,18285,40.7047177,-74.00926027,10004
410,534,Water - Whitehall Plaza,2014,12682,40.70255065,-74.0127234,10004
411,427,Bus Slip & State St,2015,12744,40.701907,-74.013942,10004
412,445,E 10 St & Avenue A,2014,41006,40.72740794,-73.98142006,10009
413,484,W 44 St & 5 Ave,2014,23798,40.75500254,-73.98014437,10173
414,308,St James Pl & Oliver St,2014,15256,40.71307916,-73.99851193,10278
415,501,FDR Drive & E 35 St,2014,24600,40.744219,-73.97121214,10016
416,2012,E 27 St & 1 Ave,2014,21060,40.739445,-73.976806,10010
417,526,E 33 St & 5 Ave,2015,21088,40.74765947,-73.98490707,10016
418,402,Broadway & E 22 St,2015,40491,40.7403432,-73.98955109,10010
419,411,E 6 St & Avenue D,2014,12169,40.72228087,-73.97668709,10009
420,396,Lefferts Pl & Franklin Ave,2014,5234,40.680342423,-73.9557689392,11216
421,379,W 31 St & 7 Ave,2015,34324,40.749156,-73.9916,10119
422,466,W 25 St & 6 Ave,2015,24587,40.74395411,-73.99144871,10119
423,426,West St & Chambers St,2015,50077,40.71754834,-74.01322069,10282
424,385,E 55 St & 2 Ave,2014,14393,40.75797322,-73.96603308,10022
425,301,E 2 St & Avenue B,2014,27309,40.72217444,-73.98368779,10009
426,423,W 54 St & 9 Ave,2014,13939,40.76584941,-73.98690506,10019
427,225,W 14 St & The High Line,2015,20402,40.74195138,-74.00803013,10011
428,461,E 20 St & 2 Ave,2014,36533,40.73587678,-73.98205027,10010
429,405,Washington St & Gansevoort St,2015,28642,40.739323,-74.008119,10014
430,408,Market St & Cherry St,2014,9844,40.71076228,-73.99400398,10103
431,484,W 44 St & 5 Ave,2015,20092,40.75500254,-73.98014437,10173
432,2000,Front St & Washington St,2014,14721,40.70255088,-73.98940236,11201
433,164,E 47 St & 2 Ave,2014,18887,40.75323098,-73.97032517,10017
434,360,William St & Pine St,2015,10972,40.70717936,-74.00887308,10006
435,3041,Kingston Ave & Herkimer St,2015,16,40.67890679,-73.94142771,11213
436,400,Pitt St & Stanton St,2014,6758,40.71926081,-73.98178024,10002
437,353,S Portland Ave & Hanson Pl,2014,5438,40.68539567,-73.97431458,11217
438,314,Montague St & Clinton St,2014,486,40.69424674,-73.99215922,11201
439,546,E 30 St & Park Ave S,2014,33584,40.74444921,-73.98303529,10016
440,3281,Leonard Gordon Park,2017,1643,40.74590996631558,-74.0572714805603,07307
441,437,Macon St & Nostrand Ave,2014,2790,40.6809833854,-73.9500479759,11216
442,478,11 Ave & W 41 St,2014,27141,40.76030096,-73.99884222,10036
443,143,Clinton St & Joralemon St,2014,8109,40.69239502,-73.99337909,11201
444,357,E 11 St & Broadway,2014,24295,40.73261787,-73.99158043,10003
445,376,John St & William St,2014,17809,40.70862144,-74.00722156,10038
446,300,Shevchenko Pl & E 6 St,2014,6147,40.728145,-73.990214,10003
447,127,Barrow St & Hudson St,2014,41242,40.73172428,-74.00674436,10014
448,515,W 43 St & 10 Ave,2014,30771,40.76009437,-73.99461843,10036
449,526,E 33 St & 5 Ave,2014,28387,40.74765947,-73.98490707,10016
450,3277,Communipaw & Berry Lane,2017,908,40.71435836870427,-74.06661093235016,07304
451,395,Bond St & Schermerhorn St,2014,9561,40.68807003,-73.98410637,11217
452,405,Washington St & Gansevoort St,2014,32874,40.739323,-74.008119,10014
453,152,Warren St & Church St,2014,15661,40.71473993,-74.00910627,10007
454,223,W 13 St & 7 Ave,2014,29625,40.73781509,-73.99994661,10014
455,369,Washington Pl & 6 Ave,2014,23202,40.73224119,-74.00026394,10012
456,216,Columbia Heights & Cranberry St,2015,4013,40.70037867,-73.99548059,11201
457,3188,NJCU,2017,416,40.7101087,-74.0858489,07305
458,431,Hanover Pl & Livingston St,2015,1862,40.68864636,-73.98263429,11217
459,252,MacDougal St & Washington Sq,2014,24347,40.73226398,-73.99852205,10012
460,224,Spruce St & Nassau St,2014,17567,40.71146364,-74.00552427,10007
461,2002,Wythe Ave & Metropolitan Ave,2014,15214,40.716887,-73.963198,11211
462,262,Washington Park,2015,605,40.69178232,-73.97372989,11217
463,137,E 56 St & Madison Ave,2014,17024,40.761628,-73.972924,10022
464,357,E 11 St & Broadway,2015,15611,40.73261787,-73.99158043,10003
465,435,W 21 St & 6 Ave,2014,73448,40.74173969,-73.99415556,10119
466,474,5 Ave & E 29 St,2014,33799,40.7451677,-73.98683077,10016
467,2004,6 Ave & Broome St,2014,22023,40.724399,-74.004704,10013
468,250,Lafayette St & Jersey St,2014,44080,40.72456089,-73.99565293,10012
469,274,Lafayette Ave & Fort Greene Pl,2015,4997,40.68691865,-73.976682,11217
470,410,Suffolk St & Stanton St,2014,31539,40.72066442,-73.98517977,10002
471,342,Columbia St & Rivington St,2014,12474,40.71739973,-73.98016555,10002
472,533,Broadway & W 39 St,2015,17415,40.75299641,-73.98721619,10018
473,469,Broadway & W 53 St,2014,21942,40.76344058,-73.98268129,10020
474,483,E 12 St & 3 Ave,2014,37536,40.73223272,-73.98889957,10003
475,321,Cadman Plaza E & Red Cross Pl,2014,5967,40.69991755,-73.98971773,11201
476,420,Clermont Ave & Lafayette Ave,2014,5291,40.68764484,-73.96968902,11238
477,379,W 31 St & 7 Ave,2014,53176,40.749156,-73.9916,10119
478,509,9 Ave & W 22 St,2014,41359,40.7454973,-74.00197139,10011
479,161,LaGuardia Pl & W 3 St,2014,36971,40.72917025,-73.99810231,10012
480,388,W 26 St & 10 Ave,2015,13784,40.749717753,-74.002950346,10001
481,470,W 20 St & 8 Ave,2014,27642,40.74345335,-74.00004031,10011
482,295,Pike St & E Broadway,2014,18306,40.71406667,-73.99293911,10103
483,120,Lexington Ave & Classon Ave,2015,2893,40.68676793,-73.95928168,11238
484,453,W 22 St & 8 Ave,2015,25780,40.74475148,-73.99915362,10119
485,428,E 3 St & 1 Ave,2015,22211,40.72467721,-73.98783413,10009
486,216,Columbia Heights & Cranberry St,2014,5459,40.70037867,-73.99548059,11201
487,276,Duane St & Greenwich St,2014,16349,40.71748752,-74.0104554,10282
488,290,2 Ave & E 58 St,2014,21763,40.76020258,-73.96478473,10022
489,473,Rivington St & Chrystie St,2014,20759,40.72110063,-73.9919254,10012
490,512,W 29 St & 9 Ave,2014,25182,40.7500727,-73.99839279,10199
491,448,W 37 St & 10 Ave,2014,29436,40.75660359,-73.9979009,10001
492,520,W 52 St & 5 Ave,2014,17939,40.75992262,-73.97648516,10111
493,3191,Union St,2015,62,40.7182113,-74.0836394,07304
494,268,Howard St & Centre St,2015,17757,40.71910537,-73.99973337,10278
495,260,Broad St & Bridge St,2014,10086,40.70365182,-74.01167797,10004
496,3049,Cambridge Pl & Gates Ave,2015,19,40.68488,-73.96304,11238
497,403,E 2 St & 2 Ave,2014,26716,40.72502876,-73.99069656,10012
498,195,Liberty St & Broadway,2014,27897,40.70905623,-74.01043382,10006
499,440,E 45 St & 3 Ave,2014,20443,40.75255434,-73.97282625,10174
500,150,E 2 St & Avenue C,2014,17946,40.7208736,-73.98085795,10009
501,462,W 22 St & 10 Ave,2014,46677,40.74691959,-74.00451887,10011
502,242,Carlton Ave & Flushing Ave,2015,1370,40.697787,-73.973736,11201
503,428,E 3 St & 1 Ave,2014,33940,40.72467721,-73.98783413,10009
504,359,E 47 St & Park Ave,2015,22136,40.75510267,-73.97498696,10167
505,311,Norfolk St & Broome St,2014,18993,40.7172274,-73.98802084,10002
506,500,Broadway & W 51 St,2014,26226,40.76228826,-73.98336183,10020
507,229,Great Jones St,2014,40917,40.72743423,-73.99379025,10012
508,3182,Yankee Ferry Terminal,2015,1040,40.686931,-74.016966,11231
509,476,E 31 St & 3 Ave,2014,34599,40.74394314,-73.97966069,10016
510,3183,Exchange Place,2016,19013,40.7162469,-74.0334588,07302
511,3103,N 11 St & Wythe Ave,2015,534,40.72153267,-73.95782357,11222
512,441,E 52 St & 2 Ave,2014,14969,40.756014,-73.967416,10022
513,276,Duane St & Greenwich St,2015,10986,40.71748752,-74.0104554,10282
514,446,W 24 St & 7 Ave,2014,45251,40.74487634,-73.99529885,10119
515,322,Clinton St & Tillary St,2014,6336,40.696192,-73.991218,11201
516,397,Fulton St & Clermont Ave,2014,4184,40.68415748,-73.96922273,11238
517,2010,Grand St & Greene St,2014,22777,40.72165481,-74.00234737,10012
518,364,Lafayette Ave & Classon Ave,2014,4549,40.68900443,-73.96023854,11205
519,3123,31 St & Thomson Ave,2015,117,40.74469738,-73.93540375,11101
520,120,Lexington Ave & Classon Ave,2014,4005,40.68676793,-73.95928168,11238
521,239,Willoughby St & Fleet St,2015,5954,40.69196566,-73.9813018,11201
522,238,Bank St & Washington St,2014,21157,40.7361967,-74.00859207,10014
523,453,W 22 St & 8 Ave,2014,35739,40.74475148,-73.99915362,10119
524,82,St James Pl & Pearl St,2014,9770,40.71117416,-74.00016545,10038
525,291,Madison St & Montgomery St,2014,13184,40.713126,-73.984844,10002
526,267,Broadway & W 36 St,2014,24560,40.75097711,-73.98765428,10119
527,313,Washington Ave & Park Ave,2015,5481,40.69610226,-73.96751037,11205
528,347,W Houston St & Hudson St,2014,47995,40.72873888,-74.00748842,10013
529,312,Allen St & E Houston St,2014,34637,40.722055,-73.989111,10012
530,450,W 49 St & 8 Ave,2015,14042,40.76227205,-73.98788205,10036
531,3203,Hamilton Park,2017,19810,40.727595966,-74.044247311,07302
532,518,E 39 St & 2 Ave,2014,38635,40.74780373,-73.9734419,10174
533,264,Maiden Ln & Pearl St,2014,19392,40.70706456,-74.00731853,10038
534,348,W Broadway & Spring St,2014,34624,40.72490985,-74.00154702,10012
535,514,12 Ave & W 40 St,2014,37894,40.76087502,-74.00277668,10036
536,284,Greenwich Ave & 8 Ave,2014,55650,40.7390169121,-74.0026376103,10014
537,524,W 43 St & 6 Ave,2014,4793,40.75527307,-73.98316936,10173
538,232,Cadman Plaza E & Tillary St,2015,5713,40.69597683,-73.99014892,11201
539,320,Church St & Leonard St,2014,710,40.71743998,-74.00583475,10278
540,257,Lispenard St & Broadway,2014,22545,40.71939226,-74.00247214,10278
541,521,8 Ave & W 31 St,2014,100498,40.75044999,-73.99481051,10119
542,447,8 Ave & W 52 St,2015,20962,40.76370739,-73.9851615,10020
543,326,E 11 St & 1 Ave,2014,31408,40.72953837,-73.98426726,10003
544,160,E 37 St & Lexington Ave,2014,19634,40.748238,-73.978311,10016
545,402,Broadway & E 22 St,2014,60932,40.7403432,-73.98955109,10010
546,512,W 29 St & 9 Ave,2015,17799,40.7500727,-73.99839279,10199
547,302,Avenue D & E 3 St,2014,12249,40.72082834,-73.97793172,10009
548,389,Broadway & Berry St,2014,6937,40.71044554,-73.96525063,11211
549,344,Monroe St & Bedford Ave,2014,4550,40.6851443,-73.95380904,11216
550,274,Lafayette Ave & Fort Greene Pl,2014,7925,40.68691865,-73.976682,11217
551,486,Broadway & W 29 St,2014,32879,40.7462009,-73.98855723,10119
552,481,S 3 St & Bedford Ave,2014,7193,40.71260486,-73.96264403,11211
553,2006,Central Park S & 6 Ave,2015,33226,40.76590936,-73.97634151,10111
554,447,8 Ave & W 52 St,2014,29839,40.76370739,-73.9851615,10020
555,537,Lexington Ave & E 24 St,2014,39459,40.74025878,-73.98409214,10010
556,516,E 47 St & 1 Ave,2014,11846,40.75206862,-73.96784384,10017
557,519,Pershing Square N,2014,6353,40.75188406,-73.97770164,10168
558,463,9 Ave & W 16 St,2014,33973,40.74206539,-74.00443172,10011
559,538,W 49 St & 5 Ave,2014,10266,40.75795248,-73.97787642,10111
560,382,University Pl & E 14 St,2014,60072,40.73492695,-73.99200509,10003
561,336,Sullivan St & Washington Sq,2015,20248,40.73047747,-73.99906065,10012
562,377,6 Ave & Canal St,2015,14190,40.72243797,-74.00566443,10013
563,243,Fulton St & Rockwell Pl,2014,2080,40.687979,-73.978474,11217
564,3205,JC Medical Center,2016,4687,40.71653978099194,-74.0496379137039,07302
565,249,Harrison St & Hudson St,2014,12626,40.71870987,-74.0090009,10013
566,3224,W 13 St & Hudson St,2015,69,40.73997354103409,-74.00513872504234,10014
567,228,E 48 St & 3 Ave,2014,21675,40.7546011026,-73.971878855,10167
568,243,Fulton St & Rockwell Pl,2014,4604,40.688226,-73.979382,11217
569,482,W 15 St & 7 Ave,2014,35121,40.73935542,-73.99931783,10014
570,416,Cumberland St & Lafayette Ave,2014,8220,40.68753406,-73.97265183,11217
571,540,Lexington Ave & E 26 St,2014,41646,40.74147286,-73.98320928,10010
572,336,Sullivan St & Washington Sq,2014,31333,40.73047747,-73.99906065,10012
573,241,DeKalb Ave & S Portland Ave,2014,6833,40.68981035,-73.97493121,11217
574,439,E 4 St & 2 Ave,2015,21542,40.7262807,-73.98978041,10012
575,351,Front St & Maiden Ln,2014,16111,40.70530954,-74.00612572,10038
576,455,1 Ave & E 44 St,2014,19237,40.75001986,-73.96905301,10017
577,449,W 52 St & 9 Ave,2014,16302,40.76461837,-73.98789473,10019
578,511,E 14 St & Avenue B,2014,30909,40.72938685,-73.97772429,10009
579,373,Willoughby Ave & Walworth St,2014,4937,40.69331716,-73.95381995,11205
580,365,Fulton St & Grand Ave,2014,5788,40.68223166,-73.9614583,11238
581,261,Johnson St & Gold St,2014,8809,40.69474881,-73.98362464,11201
582,529,W 42 St & 8 Ave,2014,29571,40.7575699,-73.99098507,10018
583,387,Centre St & Chambers St,2014,42485,40.71273266,-74.0046073,10278
584,116,W 17 St & 8 Ave,2014,45610,40.74177603,-74.00149746,10011
585,251,Mott St & Prince St,2014,38553,40.72317958,-73.99480012,10012
586,502,Henry St & Grand St,2014,21478,40.714215,-73.981346,10002
587,3197,North St,2016,1664,40.752559,-74.044725,07307
588,392,Jay St & Tech Pl,2014,11443,40.695065,-73.987167,11201
589,483,E 12 St & 3 Ave,2015,26233,40.73223272,-73.98889957,10003
590,2006,Central Park S & 6 Ave,2014,32894,40.76590936,-73.97634151,10111
591,168,W 18 St & 6 Ave,2014,52216,40.73971301,-73.99456405,10003
592,492,W 33 St & 7 Ave,2014,42632,40.75019995,-73.99093085,10119
593,479,9 Ave & W 45 St,2014,35266,40.76019252,-73.9912551,10036
594,313,Washington Ave & Park Ave,2014,7135,40.69610226,-73.96751037,11205
595,212,W 16 St & The High Line,2014,33056,40.74334935,-74.00681753,10011
596,293,Lafayette St & E 8 St,2014,86690,40.73028666,-73.9907647,10003
597,528,2 Ave & E 31 St,2014,49981,40.74290902,-73.97706058,10016
598,399,Lafayette Ave & St James Pl,2014,4433,40.68851534,-73.9647628,11238
599,258,DeKalb Ave & Vanderbilt Ave,2014,7776,40.68940747,-73.96885458,11238
600,481,S 3 St & Bedford Ave,2015,4414,40.71260486,-73.96264403,11211
601,327,Vesey Pl & River Terrace,2014,53029,40.7153379,-74.01658354,10282
602,412,Forsyth St & Canal St,2014,20097,40.7158155,-73.99422366,10103
603,3277,Communipaw & Berry Lane,2016,34,40.71435836870427,-74.06661093235016,07304
604,151,Cleveland Pl & Spring St,2014,60093,40.7218158,-73.99720307,10012
605,388,W 26 St & 10 Ave,2014,28788,40.749717753,-74.002950346,10001
606,2023,E 55 St & Lexington Ave,2014,12750,40.75968085,-73.97031366,10022
607,355,Bayard St & Baxter St,2014,24268,40.71602118,-73.99974372,10278
608,505,6 Ave & W 33 St,2014,39612,40.74901271,-73.98848395,10119
609,247,Perry St & Bleecker St,2014,22531,40.73535398,-74.00483091,10014
610,3118,McGuinness Blvd & Eagle St,2015,390,40.73555,-73.95284,11222
611,422,W 59 St & 10 Ave,2014,22386,40.770513,-73.988038,10019
612,317,E 6 St & Avenue B,2014,26374,40.72453734,-73.98185424,10009
613,458,11 Ave & W 27 St,2015,27936,40.751396,-74.005226,10001
614,270,Adelphi St & Myrtle Ave,2014,9828,40.69308257,-73.97178913,11205
615,3199,Newport Pkwy,2016,9031,40.7287448,-74.0321082,07310
616,438,St Marks Pl & 1 Ave,2014,27899,40.72779126,-73.98564945,10009
617,254,W 11 St & 6 Ave,2014,12105,40.73532427,-73.99800419,10003
618,2017,E 43 St & 2 Ave,2013,8448,40.75022392,-73.97121414,10017
619,372,Franklin Ave & Myrtle Ave,2013,1481,40.694528,-73.958089,11205
620,384,Fulton St & Waverly Ave,2014,7825,40.68317813,-73.9659641,11238
621,2001,7 Ave & Farragut St,2013,969,40.69892054,-73.97332996,11201
622,341,Stanton St & Mangin St,2014,12368,40.71782143,-73.97628939,10002
623,373,Willoughby Ave & Walworth St,2015,3293,40.69331716,-73.95381995,11205
624,146,Hudson St & Reade St,2015,13413,40.71625008,-74.0091059,10007
625,538,W 49 St & 5 Ave,2013,12015,40.75795248,-73.97787642,10111
626,300,Shevchenko Pl & E 6 St,2013,13180,40.728145,-73.990214,10003
627,282,Kent Ave & S 11 St,2013,3297,40.70827295,-73.96834101,11211
628,79,Franklin St & W Broadway,2015,13500,40.71911552,-74.00666661,10013
629,2022,E 59 St & Sutton Pl,2013,9349,40.75849116,-73.95920622,10044
630,314,Montague St & Clinton St,2013,5813,40.69424674,-73.99215922,11201
631,279,Sands St & Gold St,2013,2330,40.69986937,-73.98271933,11201
632,252,MacDougal St & Washington Sq,2015,16919,40.73226398,-73.99852205,10012
633,517,Pershing Square S,2013,28927,40.75149263,-73.97798848,10168
634,527,E 33 St & 1 Ave,2013,16170,40.74315566,-73.97434726,10016
635,263,Elizabeth St & Hester St,2014,27674,40.71729,-73.996375,10278
636,517,Pershing Square S,2014,3058,40.75149263,-73.97798848,10168
637,242,Flushing Ave & Carlton Ave,2013,3881,40.69788349,-73.97350332,11201
638,532,S 5 Pl & S 4 St,2013,11002,40.710451,-73.960876,11211
639,354,Emerson Pl & Myrtle Ave,2014,5132,40.69363137,-73.96223558,11205
640,233,Joralemon St & Adams St,2013,10963,40.69246277,-73.98963911,11201
641,460,S 4 St & Wythe Ave,2014,7591,40.71285887,-73.96590294,11211
642,472,E 32 St & Park Ave,2015,28964,40.7457121,-73.98194829,10016
643,160,E 37 St & Lexington Ave,2013,11456,40.748238,-73.978311,10016
644,319,Park Pl & Church St,2013,14930,40.71336124,-74.00937622,10007
645,195,Liberty St & Broadway,2015,18496,40.70905623,-74.01043382,10006
646,3200,MLK Light Rail,2015,53,40.7111305,-74.0788855,07304
647,2003,1 Ave & E 18 St,2013,16809,40.73416059,-73.98024289,10010
648,3104,Kent Ave & N 7 St,2015,1386,40.72057658,-73.96150225,11222
649,320,Church St & Leonard St,2013,13388,40.71743998,-74.00583475,10278
650,265,Stanton St & Chrystie St,2014,26442,40.72229346,-73.99147535,10012
651,508,W 46 St & 11 Ave,2015,11781,40.76341379,-73.99667444,10036
652,315,South St & Gouverneur Ln,2015,15354,40.70355377,-74.00670227,10005
653,468,Broadway & W 55 St,2013,20632,40.7652654,-73.98192338,10020
654,3079,Leonard St & Grand St,2015,231,40.71103537,-73.94714303,11211
655,239,Willoughby St & Fleet St,2014,8217,40.69196566,-73.9813018,11201
656,533,Broadway & W 39 St,2013,14210,40.75299641,-73.98721619,10018
657,383,Greenwich Ave & Charles St,2015,20361,40.735238,-74.000271,10014
658,329,Greenwich St & N Moore St,2013,20222,40.72043411,-74.01020609,10013
659,519,Pershing Square N,2013,50340,40.75188406,-73.97770164,10168
660,334,W 20 St & 7 Ave,2014,34971,40.74238787,-73.99726235,10119
661,409,DeKalb Ave & Skillman St,2014,3548,40.6906495,-73.95643107,11205
662,519,Pershing Square North,2014,29476,40.751873,-73.977706,10168
663,368,Carmine St & 6 Ave,2014,52596,40.73038599,-74.00214988,10012
664,409,DeKalb Ave & Skillman St,2015,2358,40.6906495,-73.95643107,11205
665,3196,Riverview Park,2016,1774,40.7443187,-74.0439909,07307
666,521,8 Ave & W 31 St,2013,48405,40.75044999,-73.99481051,10119
667,494,W 26 St & 8 Ave,2015,27239,40.74734825,-73.99723551,10119
668,3214,Essex Light Rail,2016,9458,40.7127742,-74.0364857,07302
669,3192,Liberty Light Rail,2015,1067,40.7112423,-74.0557013,07311
670,456,E 53 St & Madison Ave,2015,10749,40.7597108,-73.97402311,10154
671,480,W 53 St & 10 Ave,2014,21488,40.76669671,-73.99061728,10019
672,293,Lafayette St & E 8 St,2013,46733,40.73028666,-73.9907647,10003
673,160,E 37 St & Lexington Ave,2013,274,40.748158,-73.978462,10016
674,444,Broadway & W 24 St,2014,58591,40.7423543,-73.98915076,10010
675,3638,Washington St,2017,1306,40.7242941,-74.0354826,07310
676,3000,MLSWKiosk,2013,2,40.755467,-73.986536,10018
677,3108,Nassau Ave & Russell St,2015,485,40.72557,-73.94434,11222
678,248,Laight St & Hudson St,2013,5775,40.72185379,-74.00771779,10013
679,3058,Lewis Ave & Kosciuszko St,2015,40,40.69237074,-73.93705428,11221
680,400,Pitt St & Stanton St,2013,4730,40.71926081,-73.98178024,10002
681,536,1 Ave & E 30 St,2015,22638,40.74144387,-73.97536082,10010
682,387,Centre St & Chambers St,2015,35256,40.71273266,-74.0046073,10278
683,423,W 54 St & 9 Ave,2015,10029,40.76584941,-73.98690506,10019
684,431,Hanover Pl & Livingston St,2013,1558,40.68864636,-73.98263429,11217
685,490,8 Ave & W 33 St,2014,58711,40.751551,-73.993934,10119
686,443,Bedford Ave & S 9 St,2013,264,40.70853074,-73.96408963,11211
687,467,Dean St & 4 Ave,2013,9844,40.68312489,-73.97895137,11217
688,390,Duffield St & Willoughby St,2014,6683,40.69221589,-73.9842844,11201
689,228,E 48 St & 3 Ave,2013,13293,40.7546011026,-73.971878855,10167
690,3194,McGinley Square,2017,5898,40.7253399253558,-74.06762212514877,07306
691,433,E 13 St & Avenue A,2014,33824,40.72955361,-73.98057249,10009
692,285,Broadway & E 14 St,2014,65852,40.73454567,-73.99074142,10003
693,507,E 25 St & 2 Ave,2014,30688,40.73912601,-73.97973776,10010
694,484,W 44 St & 5 Ave,2013,14754,40.75500254,-73.98014437,10173
695,440,E 45 St & 3 Ave,2015,13981,40.75255434,-73.97282625,10174
696,524,W 43 St & 6 Ave,2013,19191,40.75527307,-73.98316936,10173
697,218,Gallatin Pl & Livingston St,2014,3920,40.69028437,-73.98707105,11201
698,440,E 45 St & 3 Ave,2013,13766,40.75255434,-73.97282625,10174
699,350,Clinton St & Grand St,2014,18731,40.71559509,-73.9870295,10002
700,470,W 20 St & 8 Ave,2015,22077,40.74345335,-74.00004031,10011
701,540,Lexington Ave & E 26 St,2013,24581,40.74147286,-73.98320928,10010
702,388,W 26 St & 10 Ave,2015,6638,40.74971775,-74.00295035,10001
703,331,Pike St & Monroe St,2014,10519,40.71173107,-73.99193043,10103
704,399,Lafayette Ave & St James Pl,2015,2969,40.68851534,-73.9647628,11238
705,245,Myrtle Ave & St Edwards St,2013,2237,40.69327018,-73.97703874,11201
706,3063,Nostrand Ave & Myrtle Ave,2015,56,40.69527008,-73.95238108,11205
707,486,Broadway & W 29 St,2015,23288,40.7462009,-73.98855723,10119
708,289,Monroe St & Classon Ave,2013,1923,40.6845683,-73.95881081,11238
709,279,Peck Slip & Front St,2013,397,40.707873,-74.00167,10038
710,322,Clinton St & Tillary St,2013,7594,40.696192,-73.991218,11201
711,434,9 Ave & W 18 St,2013,17395,40.74317449,-74.00366443,10011
712,2002,Wythe Ave & Metropolitan Ave,2013,10680,40.716887,-73.963198,11211
713,450,W 49 St & 8 Ave,2014,33575,40.76227205,-73.98788205,10036
714,321,Cadman Plaza E & Red Cross Pl,2015,6336,40.69991755,-73.98971773,11201
715,341,Stanton St & Mangin St,2013,7217,40.71782143,-73.97628939,10002
716,147,Greenwich St & Warren St,2014,40880,40.71542197,-74.01121978,10007
717,496,E 16 St & 5 Ave,2014,38808,40.73726186,-73.99238967,10003
718,442,W 27 St & 7 Ave,2014,39632,40.746647,-73.993915,10119
719,436,Hancock St & Bedford Ave,2013,2327,40.68216564,-73.95399026,11216
720,360,William St & Pine St,2013,13559,40.70717936,-74.00887308,10006
721,434,9 Ave & W 18 St,2014,27644,40.74317449,-74.00366443,10011
722,267,Broadway & W 36 St,2013,13271,40.75097711,-73.98765428,10119
723,530,11 Ave & W 59 St,2014,21841,40.771522,-73.990541,10019
724,366,Clinton Ave & Myrtle Ave,2014,13419,40.693261,-73.968896,11205
725,340,Madison St & Clinton St,2013,7403,40.71269042,-73.98776323,10002
726,339,Avenue D & E 12 St,2013,3213,40.72580614,-73.97422494,10009
727,3095,Graham Ave & Herbert St,2015,92,40.71929301,-73.94500379,11222
728,373,Willoughby Ave & Walworth St,2013,3644,40.69331716,-73.95381995,11205
729,351,Front St & Maiden Ln,2013,12789,40.70530954,-74.00612572,10038
730,386,Centre St & Worth St,2014,19714,40.71494807,-74.00234482,10278
731,501,FDR Drive & E 35 St,2015,18917,40.744219,-73.97121214,10016
732,417,Barclay St & Church St,2015,32592,40.71291224,-74.01020234,10007
733,514,12 Ave & W 40 St,2015,32155,40.76087502,-74.00277668,10036
734,3209,Brunswick St,2017,7382,40.7241765,-74.0506564,07302
735,421,Clermont Ave & Park Ave,2013,2542,40.69573398,-73.97129668,11205
736,294,Washington Square E,2014,37288,40.73049393,-73.9957214,10012
737,2021,W 45 St & 8 Ave,2013,22111,40.75929124,-73.98859651,10036
738,513,W 56 St & 10 Ave,2014,17437,40.768254,-73.988639,10019
739,352,W 56 St & 6 Ave,2013,24085,40.76340613,-73.97722479,10111
740,258,DeKalb Ave & Vanderbilt Ave,2015,5574,40.68940747,-73.96885458,11238
741,375,Mercer St & Bleecker St,2013,24794,40.72679454,-73.99695094,10012
742,263,Elizabeth St & Hester St,2013,953,40.717590818059804,-73.99622440338135,10278
743,255,NYCBS Depot - SSP,2013,390,40.646768,-74.01651,11220
744,137,E 56 St & Madison Ave,2013,10594,40.761628,-73.972924,10022
745,475,E 16 St & Irving Pl,2015,18612,40.73524276,-73.98758561,10003
746,343,Clinton Ave & Flushing Ave,2013,2819,40.69794,-73.96986848,11205
747,339,Avenue D & E 12 St,2014,5052,40.72580614,-73.97422494,10009
748,530,11 Ave & W 59 St,2015,21343,40.771522,-73.990541,10019
749,407,Henry St & Poplar St,2013,4061,40.700469,-73.991454,11201
750,3072,Leonard St & Boerum St,2015,85,40.70583339,-73.94644578,11206
751,153,E 40 St & 5 Ave,2013,21695,40.752062307,-73.9816324043,10165
752,2005,Railroad Ave & Kay Ave,2013,795,40.70531194,-73.97100056,11211
753,546,E 30 St & Park Ave S,2013,21150,40.74444921,-73.98303529,10016
754,173,Broadway & W 49 St,2013,21874,40.76064679,-73.98442659,10020
755,2017,E 43 St & 2 Ave,2014,11906,40.75022392,-73.97121414,10017
756,195,Liberty St & Broadway,2013,20905,40.70905623,-74.01043382,10006
757,468,Broadway & W 55 St,2014,25443,40.7652654,-73.98192338,10020
758,3209,Brunswick St,2015,2841,40.7241765,-74.0506564,07302
759,72,W 52 St & 11 Ave,2015,16455,40.76727216,-73.99392888,10019
760,442,W 27 St & 7 Ave,2015,28366,40.746647,-73.993915,10119
761,3270,Jersey & 6th St,2018,1,40.72528910781132,-74.04557168483734,07302
762,120,Lexington Ave & Classon Ave,2013,3449,40.68676793,-73.95928168,11238
763,327,Vesey Pl & River Terrace,2013,35051,40.7153379,-74.01658354,10282
764,499,Broadway & W 60 St,2013,35839,40.76915505,-73.98191841,10019
765,372,Franklin Ave & Myrtle Ave,2014,2882,40.694528,-73.958089,11205
766,499,Broadway & W 60 St,2014,56113,40.76915505,-73.98191841,10019
767,387,Centre St & Chambers St,2013,32473,40.71273266,-74.0046073,10278
768,356,Bialystoker Pl & Delancey St,2014,12410,40.71622644,-73.98261206,10002
769,545,E 23 St & 1 Ave,2013,22113,40.736502,-73.97809472,10010
770,501,FDR Drive & E 35 St,2013,17166,40.744219,-73.97121214,10016
771,419,Carlton Ave & Park Ave,2013,4301,40.69580705,-73.97355569,11201
772,391,Clark St & Henry St,2014,12046,40.69760127,-73.99344559,11201
773,471,Grand St & Havemeyer St,2013,5883,40.71286844,-73.95698119,11211
774,274,Lafayette Ave & Fort Greene Pl,2013,6285,40.68691865,-73.976682,11217
775,527,E 33 St & 1 Ave,2014,15769,40.74315566,-73.97434726,10016
776,467,Dean St & 4 Ave,2015,7599,40.68312489,-73.97895137,11217
777,3217,Bayside Park,2017,182,40.698650544,-74.082079678,07305
778,161,LaGuardia Pl & W 3 St,2015,23292,40.72917025,-73.99810231,10012
779,242,Carlton Ave & Flushing Ave,2013,665,40.697787,-73.973736,11201
780,359,E 47 St & Park Ave,2013,18621,40.75510267,-73.97498696,10167
781,3017,NYCBS Depot - FAR,2013,787,40.751483,-73.996764,10199
782,459,W 20 St & 11 Ave,2015,38816,40.746745,-74.007756,10011
783,2000,Front St & Washington St,2013,12224,40.70255088,-73.98940236,11201
784,144,Nassau St & Navy St,2013,2779,40.69839895,-73.98068914,11201
785,325,E 19 St & 3 Ave,2014,28235,40.73624527,-73.98473765,10010
786,383,Greenwich Ave & Charles St,2013,16064,40.735238,-74.000271,10014
787,393,E 5 St & Avenue C,2014,15944,40.72299208,-73.97995466,10009
788,266,Avenue D & E 8 St,2013,5306,40.72368361,-73.97574813,10009
789,363,West Thames St,2015,22070,40.70834698,-74.01713445,10280
790,250,Lafayette St & Jersey St N,2013,1681,40.72456089,-73.99565293,10012
791,491,E 24 St & Park Ave S,2013,3547,40.74096374,-73.98602213,10010
792,297,E 15 St & 3 Ave,2014,29740,40.734232,-73.986923,10003
793,224,Spruce St & Nassau St,2013,14091,40.71146364,-74.00552427,10007
794,2021,W 45 St & 8 Ave,2014,25438,40.75929124,-73.98859651,10036
795,358,Christopher St & Greenwich St,2014,55320,40.73291553,-74.00711384,10014
796,464,E 56 St & 3 Ave,2013,13209,40.75934501,-73.96759673,10022
797,529,W 42 St & 8 Ave,2013,19211,40.7575699,-73.99098507,10018
798,504,1 Ave & E 15 St,2015,30642,40.73221853,-73.98165557,10003
799,342,Columbia St & Rivington St,2013,8667,40.71739973,-73.98016555,10002
800,3014,3969.TEMP (Bike The Branches - Central Branch),2013,216,40.722852,-73.959114,11222
801,385,E 55 St & 2 Ave,2013,10864,40.75797322,-73.96603308,10022
802,237,E 11 St & 2 Ave,2013,26638,40.73047309,-73.98672378,10003
803,343,Clinton Ave & Flushing Ave,2014,4425,40.69794,-73.96986848,11205
804,332,Cherry St,2013,7899,40.71219906,-73.97948148,10002
805,291,Madison St & Montgomery St,2013,8030,40.713126,-73.984844,10002
806,3057,Kosciuszko St & Tompkins Ave,2015,40,40.69128258,-73.9452416,11205
807,418,Front St & Gold St,2013,4417,40.70224,-73.982578,11201
808,454,E 51 St & 1 Ave,2013,11932,40.75455731,-73.96592976,10017
809,316,Fulton St & William St,2013,13700,40.70955958,-74.00653609,10038
810,323,Lawrence St & Willoughby St,2014,13521,40.69236178,-73.98631746,11201
811,310,State St & Smith St,2013,11078,40.68926942,-73.98912867,11201
812,337,Old Slip & Front St,2013,10100,40.7037992,-74.00838676,10005
813,233,Cadman Plaza W & Pierrepont St,2015,2117,40.69475701363877,-73.99052739143372,11201
814,399,Lafayette Ave & St James Pl,2013,3746,40.68851534,-73.9647628,11238
815,254,W 11 St & 6 Ave,2013,18963,40.73532427,-73.99800419,10003
816,157,Henry St & Atlantic Ave,2015,7354,40.69089272,-73.99612349,11201
817,384,Fulton St & Waverly Ave,2013,5593,40.68317813,-73.9659641,11238
818,301,E 2 St & Avenue B,2013,20987,40.72217444,-73.98368779,10009
819,280,E 10 St & 5 Ave,2014,29196,40.73331967,-73.99510132,10003
820,147,Greenwich St & Warren St,2013,26302,40.71542197,-74.01121978,10007
821,408,Market St & Cherry St,2013,7150,40.71076228,-73.99400398,10103
822,485,W 37 St & 5 Ave,2014,24358,40.75038009,-73.98338988,10165
823,307,Canal St & Rutgers St,2013,18301,40.71427487,-73.98990025,10002
824,519,Pershing Square North,2013,3861,40.751873,-73.977706,10168
825,3205,JC Medical Center,2017,5433,40.71653978099194,-74.0496379137039,07302
826,346,Bank St & Hudson St,2014,26691,40.73652889,-74.00618026,10014
827,344,Monroe St & Bedford Ave,2013,2576,40.6851443,-73.95380904,11216
828,250,Lafayette St & Jersey St,2013,9920,40.72456089,-73.99565293,10012
829,346,Bank St & Hudson St,2013,18974,40.73652889,-74.00618026,10014
830,3002,South End Ave & Liberty St,2013,19796,40.711512,-74.015756,10006
831,433,E 13 St & Avenue A,2015,22420,40.72955361,-73.98057249,10009
832,492,W 33 St & 7 Ave,2015,27033,40.75019995,-73.99093085,10119
833,513,W 56 St & 10 Ave,2013,14161,40.768254,-73.988639,10019
834,443,Bedford Ave & S 9th St,2013,1741,40.70853074,-73.96408963,11211
835,367,E 53 St & Lexington Ave,2014,17012,40.75828065,-73.97069431,10022
836,398,Atlantic Ave & Furman St,2014,9952,40.69165183,-73.9999786,10005
837,216,Columbia Heights & Cranberry St,2013,4468,40.70037867,-73.99548059,11201
838,377,6 Ave & Canal St,2014,20582,40.72243797,-74.00566443,10013
839,151,Cleveland Pl & Spring St,2015,42340,40.7218158,-73.99720307,10012
840,245,Myrtle Ave & St Edwards St,2014,3330,40.69327018,-73.97703874,11201
841,466,W 25 St & 6 Ave,2014,36867,40.74395411,-73.99144871,10119
842,318,E 43 St & Vanderbilt Ave,2013,34566,40.75320159,-73.9779874,10165
843,530,11 Ave & W 59 St,2013,2366,40.771522,-73.990541,10019
844,455,1 Ave & E 44 St,2013,13338,40.75001986,-73.96905301,10017
845,264,Maiden Ln & Pearl St,2013,16322,40.70706456,-74.00731853,10038
846,3216,Columbia Park,2016,192,40.6970299,-74.0969366,07305
847,3075,Division Ave & Marcy Ave,2015,134,40.70708701,-73.95796783,11211
848,325,E 19 St & 3 Ave,2013,22163,40.73624527,-73.98473765,10010
849,537,Lexington Ave & E 24 St,2013,27440,40.74025878,-73.98409214,10010
850,521,8 Ave & W 31 St,2015,6410,40.75044999,-73.99481051,10119
851,304,Broadway & Battery Pl,2013,19003,40.70463334,-74.01361706,10004
852,3211,Newark Ave,2016,9168,40.72152515,-74.046304543,07302
853,483,E 12 St & 3 Ave,2013,22618,40.73223272,-73.98889957,10003
854,437,Macon St & Nostrand Ave,2013,3406,40.6809833854,-73.9500479759,11216
855,409,DeKalb Ave & Skillman St,2013,2242,40.6906495,-73.95643107,11205
856,457,Broadway & W 58 St,2013,34250,40.76695317,-73.98169333,10020
857,314,Cadman Plaza West & Montague St,2013,2283,40.69383,-73.990539,11201
858,330,Reade St & Broadway,2015,12225,40.71450451,-74.00562789,10278
859,456,E 53 St & Madison Ave,2013,15289,40.7597108,-73.97402311,10154
860,258,DeKalb Ave & Vanderbilt Ave,2013,4902,40.68940747,-73.96885458,11238
861,2000,Front St & Washington St,2015,9513,40.70255088,-73.98940236,11201
862,2022,E 59 St & Sutton Pl,2015,6323,40.75849116,-73.95920622,10044
863,218,Gallatin Pl & Livingston St,2013,2649,40.69028437,-73.98707105,11201
864,363,West Thames St,2013,29603,40.70834698,-74.01713445,10280
865,362,Broadway & W 37 St,2014,22971,40.75172632,-73.98753523,10119
866,525,W 34 St & 11 Ave,2013,10413,40.75594159,-74.0021163,10001
867,317,E 6 St & Avenue B,2013,20194,40.72453734,-73.98185424,10009
868,152,Warren St & Church St,2013,16784,40.71473993,-74.00910627,10007
869,79,Franklin St & W Broadway,2014,19942,40.71911552,-74.00666661,10013
870,388,W 26 St & 10 Ave,2013,23349,40.749717753,-74.002950346,10001
871,280,E 10 St & 5 Ave,2015,16722,40.73331967,-73.99510132,10003
872,157,Henry St & Atlantic Ave,2014,10752,40.69089272,-73.99612349,11201
873,427,State St,2013,13436,40.70251526,-74.01427023,10004
874,353,S Portland Ave & Hanson Pl,2013,3464,40.68539567,-73.97431458,11217
875,507,E 25 St & 2 Ave,2013,25229,40.73912601,-73.97973776,10010
876,364,Lafayette Ave & Classon Ave,2013,3895,40.68900443,-73.96023854,11205
877,3212,Christ Hospital,2016,2366,40.734785818,-74.050443636,07307
878,366,Clinton Ave & Myrtle Ave,2013,8223,40.693261,-73.968896,11205
879,278,Concord St & Bridge St,2015,2962,40.69766564,-73.98476437,11201
880,248,Laight St & Hudson St,2015,5405,40.72185379,-74.00771779,10013
881,316,Fulton St & William St,2014,20020,40.70955958,-74.00653609,10038
882,454,E 51 St & 1 Ave,2014,13281,40.75455731,-73.96592976,10017
883,243,Fulton St & Rockwell Pl,2013,10992,40.687979,-73.978474,11217
884,271,Ashland Pl & Hanson Pl,2013,9913,40.68528172,-73.97805813,11217
885,319,Fulton St & Broadway,2013,1759,40.711066,-74.009447,10007
886,403,E 2 St & 2 Ave,2013,17405,40.72502876,-73.99069656,10012
887,496,E 16 St & 5 Ave,2013,19348,40.73726186,-73.99238967,10003
888,435,W 21 St & 6 Ave,2013,41037,40.74173969,-73.99415556,10119
889,430,York St & Jay St,2014,16787,40.7014851,-73.98656928,11201
890,282,Kent Ave & S 11 St,2013,418,40.707644944175705,-73.96841526031494,11211
891,355,Bayard St & Baxter St,2015,15568,40.71602118,-73.99974372,10278
892,253,W 13 St & 5 Ave,2014,990,40.73543934,-73.99453948,10003
893,275,Washington Ave & Greene Ave,2013,3203,40.68650065,-73.96563307,11238
894,512,W 29 St & 9 Ave,2013,16482,40.7500727,-73.99839279,10199
895,439,E 4 St & 2 Ave,2014,31359,40.7262807,-73.98978041,10012
896,247,Perry St & Bleecker St,2015,15073,40.73535398,-74.00483091,10014
897,307,Canal St & Rutgers St,2014,30332,40.71427487,-73.98990025,10002
898,515,W 43 St & 10 Ave,2013,23011,40.76009437,-73.99461843,10036
899,232,Cadman Plaza E & Tillary St,2013,6472,40.69597683,-73.99014892,11201
900,173,Broadway & W 49 St,2013,2062,40.76068327096592,-73.9845272898674,10020
901,2012,E 27 St & 1 Ave,2013,10152,40.739445,-73.976806,10010
902,268,Howard St & Centre St,2014,26085,40.71910537,-73.99973337,10278
903,313,Washington Ave & Park Ave,2013,4760,40.69610226,-73.96751037,11205
904,458,11 Ave & W 27 St,2013,18563,40.751396,-74.005226,10001
905,432,E 7 St & Avenue A,2014,35633,40.72621788,-73.98379855,10009
906,438,St Marks Pl & 1 Ave,2013,18634,40.72779126,-73.98564945,10009
907,467,Dean St & 4 Ave,2014,11396,40.68312489,-73.97895137,11217
908,290,2 Ave & E 58 St,2013,20797,40.76020258,-73.96478473,10022
909,494,W 26 St & 8 Ave,2014,37331,40.74734825,-73.99723551,10119
910,280,E 10 St & 5 Ave,2013,17614,40.73331967,-73.99510132,10003
911,361,Allen St & Hester St,2015,19681,40.71605866,-73.99190759,10002
912,3181,Soissons Landing,2015,1214,40.692609,-74.016398,10005
913,401,Allen St & Rivington St,2014,34018,40.72019576,-73.98997825,10002
914,347,Greenwich St & W Houston St,2013,2936,40.728846,-74.008591,10013
915,127,Barrow St & Hudson St,2013,30021,40.73172428,-74.00674436,10014
916,290,2 Ave & E 58 St,2015,15389,40.76020258,-73.96478473,10022
917,368,Carmine St & 6 Ave,2013,34606,40.73038599,-74.00214988,10012
918,485,W 37 St & 5 Ave,2015,14424,40.75038009,-73.98338988,10165
919,3090,N 8 St & Driggs Ave,2015,829,40.71774592,-73.95600096,11211
920,533,Broadway & W 39 St,2014,22805,40.75299641,-73.98721619,10018
921,396,Lefferts Pl & Franklin Ave,2013,4448,40.680342423,-73.9557689392,11216
922,411,E 6 St & Avenue D,2013,7317,40.72228087,-73.97668709,10009
923,334,W 20 St & 7 Ave,2013,25065,40.74238787,-73.99726235,10119
924,2009,Catherine St & Monroe St,2015,8599,40.71117444,-73.99682619,10103
925,249,Harrison St & Hudson St,2015,9112,40.71870987,-74.0090009,10013
926,495,W 47 St & 10 Ave,2013,17156,40.76269882,-73.99301222,10036
927,225,W 14 St & The High Line,2014,21399,40.74195138,-74.00803013,10011
928,534,Water - Whitehall Plaza,2013,9326,40.70255065,-74.0127234,10004
929,375,Mercer St & Bleecker St,2014,41561,40.72679454,-73.99695094,10012
930,116,W 17 St & 8 Ave,2013,30521,40.74177603,-74.00149746,10011
931,462,W 22 St & 10 Ave,2013,31317,40.74691959,-74.00451887,10011
932,487,E 20 St & FDR Drive,2014,24989,40.73314259,-73.97573881,10009
933,173,Broadway & W 49 St,2014,33279,40.76064679,-73.98442659,10020
934,352,W 56 St & 6 Ave,2015,19775,40.76340613,-73.97722479,10111
935,164,E 47 St & 2 Ave,2013,15699,40.75323098,-73.97032517,10017
936,347,W Houston St & Hudson St,2013,28623,40.72873888,-74.00748842,10013
937,298,3 Ave & Schermerhorn St,2013,2819,40.68683208,-73.9796772,11217
938,463,9 Ave & W 16 St,2013,24747,40.74206539,-74.00443172,10011
939,539,Metropolitan Ave & Bedford Ave,2014,17177,40.71534825,-73.96024116,11211
940,382,University Pl & E 14 St,2013,39493,40.73492695,-73.99200509,10003
941,3202,Newport PATH,2017,12516,40.7272235,-74.0337589,07310
942,390,Duffield St & Willoughby St,2013,4183,40.69221589,-73.9842844,11201
943,3223,E 55 St & 3 Ave,2015,266,40.758996559605116,-73.96865397691727,10022
944,398,Atlantic Ave & Furman St,2013,8049,40.69165183,-73.9999786,10005
945,521,8 Ave & W 31 St,2015,48843,40.75096734871598,-73.99444207549095,10119
946,2023,E 55 St & Lexington Ave,2013,7539,40.75968085,-73.97031366,10022
947,497,E 17 St & Broadway,2013,55370,40.73704984,-73.99009296,10003
948,493,W 45 St & 6 Ave,2014,30450,40.7568001,-73.98291153,10112
949,174,E 25 St & 1 Ave,2014,23610,40.7381765,-73.97738662,10010
950,329,Greenwich St & North Moore St,2013,2662,40.72015227023285,-74.01036500930786,10013
951,539,Metropolitan Ave & Bedford Ave,2013,13194,40.71534825,-73.96024116,11211
952,153,E 40 St & 5 Ave,2014,34333,40.752062307,-73.9816324043,10165
953,161,LaGuardia Pl & W 3 St,2013,25106,40.72917025,-73.99810231,10012
954,349,Rivington St & Ridge St,2013,9992,40.71850211,-73.98329859,10002
955,3267,Morris Canal,2016,5948,40.7124188237569,-74.03852552175522,07302
956,164,E 47 St & 2 Ave,2015,13383,40.75323098,-73.97032517,10017
957,347,W Houston St & Hudson St,2015,8135,40.72873888,-74.00748842,10013
958,349,Rivington St & Ridge St,2015,10883,40.71850211,-73.98329859,10002
959,394,E 9 St & Avenue C,2013,17797,40.72521311,-73.97768752,10009
960,160,E 37 St & Lexington Ave,2015,12550,40.748238,-73.978311,10016
961,284,Greenwich Ave & 8 Ave,2013,33706,40.7390169121,-74.0026376103,10014
962,315,South St & Gouverneur Ln,2013,16539,40.70355377,-74.00670227,10005
963,143,Clinton St & Joralemon St,2015,6249,40.69239502,-73.99337909,11201
964,472,E 32 St & Park Ave,2013,28641,40.7457121,-73.98194829,10016
965,449,W 52 St & 9 Ave,2015,15165,40.76461837,-73.98789473,10019
966,523,W 38 St & 8 Ave,2013,27242,40.75466591,-73.99138152,10018
967,450,W 49 St & 8 Ave,2013,26264,40.76227205,-73.98788205,10036
968,302,Avenue D & E 3 St,2013,6136,40.72082834,-73.97793172,10009
969,330,Reade St & Broadway,2014,18880,40.71450451,-74.00562789,10278
970,460,S 4 St & Wythe Ave,2013,5331,40.71285887,-73.96590294,11211
971,262,Washington Park,2013,4038,40.69178232,-73.97372989,11217
972,348,W Broadway & Spring St,2013,24894,40.72490985,-74.00154702,10012
973,458,11 Ave & W 27 St,2014,30793,40.751396,-74.005226,10001
974,253,W 13 St & 5 Ave,2015,12543,40.73543934,-73.99453948,10003
975,536,1 Ave & E 30 St,2013,19371,40.74144387,-73.97536082,10010
976,293,Lafayette St & E 8 St,2015,57702,40.73028666,-73.9907647,10003
977,426,West St & Chambers St,2013,44806,40.71754834,-74.01322069,10282
978,327,Vesey Pl & River Terrace,2015,41110,40.7153379,-74.01658354,10282
979,545,E 23 St & 1 Ave,2014,34107,40.736502,-73.97809472,10010
980,446,W 24 St & 7 Ave,2013,28063,40.74487634,-73.99529885,10119
981,442,W 27 St & 7 Ave,2013,27633,40.746647,-73.993915,10119
982,375,Mercer St & Bleecker St S,2013,2496,40.72679454,-73.99695094,10012
983,516,E 47 St & 1 Ave,2015,8285,40.75206862,-73.96784384,10017
984,393,E 5 St & Avenue C,2013,10475,40.72299208,-73.97995466,10009
985,482,W 15 St & 7 Ave,2015,24640,40.73935542,-73.99931783,10014
986,244,Willoughby Ave & Hall St,2014,7357,40.69196035,-73.96536851,11205
987,428,E 3 St & 1 Ave,2013,20752,40.72467721,-73.98783413,10009
988,3043,Lewis Ave & Decatur St,2015,29,40.6814598,-73.934903,11213
989,401,Allen St & Rivington St,2013,25318,40.72019576,-73.98997825,10002
990,296,Division St & Bowery,2014,19386,40.71413089,-73.9970468,10278
991,392,Jay St & Tech Pl,2013,4990,40.695065,-73.987167,11201
992,243,Fulton St & Rockwell Pl,2015,4315,40.688226,-73.979382,11217
993,2009,Catherine St & Monroe St,2014,13610,40.71117444,-73.99682619,10103
994,2010,Grand St & Greene St,2013,13389,40.72165481,-74.00234737,10012
995,446,W 24 St & 7 Ave,2015,30958,40.74487634,-73.99529885,10119
996,217,Old Fulton St,2013,10175,40.70277159,-73.99383605,11201
997,405,Washington St & Gansevoort St,2013,22666,40.739323,-74.008119,10014
998,336,Sullivan St & Washington Sq,2013,21774,40.73047747,-73.99906065,10012
999,504,1 Ave & E 15 St,2014,49489,40.73221853,-73.98165557,10003
1000,376,John St & William St,2013,12937,40.70862144,-74.00722156,10038
1001,259,South St & Whitehall St,2013,11496,40.70122128,-74.01234218,10004
1002,2003,1 Ave & E 18 St,2015,8173,40.733812191966315,-73.98054420948029,10010
1003,377,6 Ave & Canal St,2013,14892,40.72243797,-74.00566443,10013
1004,3187,Warren St,2016,8345,40.7211236,-74.03805095,07302
1005,362,Broadway & W 37 St,2013,12330,40.75172632,-73.98753523,10119
1006,297,E 15 St & 3 Ave,2013,17789,40.734232,-73.986923,10003
1007,531,Forsyth St & Broome St,2014,30523,40.71893904,-73.99266288,10012
1008,335,Washington Pl & Broadway,2014,28057,40.72903917,-73.99404649,10012
1009,324,DeKalb Ave & Hudson Ave,2013,13663,40.689888,-73.981013,11217
1010,309,Murray St & West St,2015,11654,40.7149787,-74.013012,10282
1011,447,8 Ave & W 52 St,2013,24133,40.76370739,-73.9851615,10020
1012,427,Bus Slip & State St,2013,2926,40.701907,-74.013942,10004
1013,488,W 39 St & 9 Ave,2013,29506,40.75645824,-73.99372222,10018
1014,306,Cliff St & Fulton St,2013,18323,40.70823502,-74.00530063,10038
1015,339,Avenue D & E 12 St,2015,3891,40.72580614,-73.97422494,10009
1016,466,W 25 St & 6 Ave,2013,29320,40.74395411,-73.99144871,10119
1017,456,E 53 St & Madison Ave,2014,14987,40.7597108,-73.97402311,10154
1018,270,Adelphi St & Myrtle Ave,2013,6886,40.69308257,-73.97178913,11205
1019,310,State St & Smith St,2014,15101,40.68926942,-73.98912867,11201
1020,2012,E 27 St & 1 Ave,2015,15918,40.739445,-73.976806,10010
1021,518,E 39 St & 2 Ave,2013,31780,40.74780373,-73.9734419,10174
1022,528,2 Ave & E 31 St,2013,32549,40.74290902,-73.97706058,10016
1023,2003,1 Ave & E 18 St,2014,23823,40.73416059,-73.98024289,10010
1024,367,E 53 St & Lexington Ave,2013,15625,40.75828065,-73.97069431,10022
1025,228,E 48 St & 3 Ave,2015,4643,40.7546011,-73.97187886,10167
1026,328,Watts St & Greenwich St,2014,23012,40.72405549,-74.00965965,10013
1027,410,Suffolk St & Stanton St,2013,20926,40.72066442,-73.98517977,10002
1028,146,Hudson St & Reade St,2013,14982,40.71625008,-74.0091059,10007
1029,233,Joralemon St & Adams St,2014,15947,40.69246277,-73.98963911,11201
1030,295,Pike St & E Broadway,2013,8906,40.71406667,-73.99293911,10103
1031,262,Washington Park,2013,551,40.6917823,-73.9737299,11217
1032,508,W 46 St & 11 Ave,2013,14798,40.76341379,-73.99667444,10036
1033,489,10 Ave & W 28 St,2014,29678,40.75066386,-74.00176802,10001
1034,281,Grand Army Plaza & Central Park S,2013,28126,40.7643971,-73.97371465,10022
1035,533,Broadway & W 38 St,2013,1787,40.75299641,-73.98721619,10018
1036,455,1 Ave & E 44 St,2015,15681,40.75001986,-73.96905301,10017
1037,523,W 38 St & 8 Ave,2014,49222,40.75466591,-73.99138152,10018
1038,417,Barclay St & Church St,2013,30566,40.71291224,-74.01020234,10007
1039,415,Pearl St & Hanover Square,2013,14759,40.7047177,-74.00926027,10004
1040,2022,E 60 St & York Ave,2013,1011,40.759107,-73.959223,10044
1041,525,W 34 St & 11 Ave,2015,12191,40.75594159,-74.0021163,10001
1042,441,E 52 St & 2 Ave,2013,8410,40.756014,-73.967416,10022
1043,500,Broadway & W 51 St,2013,18916,40.76228826,-73.98336183,10020
1044,143,Clinton St & Joralemon St,2013,5771,40.69239502,-73.99337909,11201
1045,157,Henry St & Atlantic Ave,2013,10088,40.69089272,-73.99612349,11201
1046,522,E 51 St & Lexington Ave,2013,17122,40.75714758,-73.97207836,10154
1047,495,W 47 St & 10 Ave,2014,22440,40.76269882,-73.99301222,10036
1048,263,Elizabeth St & Hester St,2015,18727,40.71729,-73.996375,10278
1049,402,Broadway & E 22 St,2013,39121,40.7403432,-73.98955109,10010
1050,481,S 3 St & Bedford Ave,2013,5964,40.71260486,-73.96264403,11211
1051,3192,Liberty Light Rail,2017,6623,40.7112423,-74.0557013,07311
1052,350,Clinton St & Grand St,2013,14842,40.71559509,-73.9870295,10002
1053,526,E 33 St & 5 Ave,2013,13343,40.74765947,-73.98490707,10016
1054,233,Cadman Plaza W & Pierrepont St,2013,1197,40.69475701363877,-73.99052739143372,11201
1055,3179,Park Ave & Marcus Garvey Blvd,2015,43,40.698617,-73.941342,11206
1056,300,Shevchenko Pl & E 7 St,2013,544,40.728145,-73.990214,10003
1057,311,Norfolk St & Broome St,2015,12918,40.7172274,-73.98802084,10002
1058,394,E 9 St & Avenue C,2014,26059,40.72521311,-73.97768752,10009
1059,354,Emerson Pl & Myrtle Ave,2013,3763,40.69363137,-73.96223558,11205
1060,304,Broadway & Battery Pl,2014,22922,40.70463334,-74.01361706,10004
1061,3211,Newark Ave,2017,9031,40.72152515,-74.046304543,07302
1062,380,W 4 St & 7 Ave S,2015,28342,40.73401143,-74.00293877,10014
1063,470,W 20 St & 8 Ave,2013,20117,40.74345335,-74.00004031,10011
1064,395,Bond St & Schermerhorn St,2013,7048,40.68807003,-73.98410637,11217
1065,323,Lawrence St & Willoughby St,2013,29201,40.69236178,-73.98631746,11201
1066,128,MacDougal St & Prince St,2015,32429,40.72710258,-74.00297088,10012
1067,260,Broad St & Bridge St,2013,7500,40.70365182,-74.01167797,10004
1068,363,West Thames St,2014,29341,40.70834698,-74.01713445,10280
1069,3092,Berry St & N 8 St,2015,589,40.7190095,-73.95852515,11211
1070,275,Washington Ave & Greene Ave,2015,3492,40.68650065,-73.96563307,11238
1071,497,E 17 St & Broadway,2014,80165,40.73704984,-73.99009296,10003
1072,527,E 33 St & 2 Ave,2014,2594,40.744023,-73.976056,10016
1073,303,Mercer St & Spring St,2013,18975,40.72362738,-73.99949601,10012
1074,3201,Dey St,2017,1381,40.737711,-74.066921,07306
1075,229,Great Jones St,2013,25185,40.72743423,-73.99379025,10012
1076,312,Allen St & E Houston St,2013,20459,40.722055,-73.989111,10012
1077,296,Division St & Bowery,2015,12876,40.71413089,-73.9970468,10278
1078,420,Clermont Ave & Lafayette Ave,2013,4364,40.68764484,-73.96968902,11238
1079,297,E 15 St & 3 Ave,2015,23526,40.734232,-73.986923,10003
1080,397,Fulton St & Clermont Ave,2013,2930,40.68415748,-73.96922273,11238
1081,212,W 16 St & The High Line,2013,20417,40.74334935,-74.00681753,10011
1082,261,Johnson St & Gold St,2013,6421,40.69474881,-73.98362464,11201
1083,357,E 11 St & Broadway,2013,16410,40.73261787,-73.99158043,10003
1084,361,Allen St & Hester St,2013,17341,40.71605866,-73.99190759,10002
1085,296,Division St & Bowery,2013,12897,40.71413089,-73.9970468,10278
1086,3215,Central Ave,2015,524,40.7467299,-74.0492509,07307
1087,346,Bank St & Hudson St,2015,18309,40.73652889,-74.00618026,10014
1088,243,Fulton St & Rockwell Pl,2013,1088,40.688226,-73.979382,11217
1089,168,W 18 St & 6 Ave,2013,31617,40.73971301,-73.99456405,10003
1090,471,Grand St & Havemeyer St,2014,6570,40.71286844,-73.95698119,11211
1091,2009,Catherine St & Monroe St,2013,6611,40.71117444,-73.99682619,10103
1092,389,Broadway & Berry St,2013,5196,40.71044554,-73.96525063,11211
1093,490,8 Ave & W 33 St,2013,39669,40.751551,-73.993934,10119
1094,461,E 20 St & 2 Ave,2013,19477,40.73587678,-73.98205027,10010
1095,465,Broadway & W 41 St,2013,27131,40.75513557,-73.98658032,10018
1096,487,E 20 St & FDR Drive,2013,16584,40.73314259,-73.97573881,10009
1097,2001,Sands St & Navy St,2013,153,40.699773,-73.979927,11201
1098,3184,Paulus Hook,2015,1933,40.7141454,-74.0335519,07302
1099,72,W 52 St & 11 Ave,2013,19049,40.76727216,-73.99392888,10019
1100,298,3 Ave & Schermerhorn St,2014,3692,40.68683208,-73.9796772,11217
1101,2003,1 Ave & E 18 St,2015,839,40.73416059,-73.98024289,10010
1102,3481,York St,2017,957,40.71649,-74.04105,07302
1103,432,E 7 St & Avenue A,2013,21299,40.72621788,-73.98379855,10009
1104,352,W 56 St & 6 Ave,2014,28143,40.76340613,-73.97722479,10111
1105,252,MacDougal St & Washington Sq,2013,16976,40.73226398,-73.99852205,10012
1106,492,W 33 St & 7 Ave,2013,30469,40.75019995,-73.99093085,10119
1107,268,Howard St & Centre St,2013,21096,40.71910537,-73.99973337,10278
1108,503,E 20 St & Park Ave,2014,25846,40.73827428,-73.98751968,10010
1109,263,Elizabeth St & Hester St,2013,18271,40.71729,-73.996375,10278
1110,167,E 39 St & 3 Ave,2013,21854,40.7489006,-73.97604882,10168
1111,448,W 37 St & 10 Ave,2013,21201,40.75660359,-73.9979009,10001
1112,417,Barclay St & Church St,2014,36503,40.71291224,-74.01020234,10007
1113,285,Broadway & E 14 St,2015,42475,40.73454567,-73.99074142,10003
1114,517,Pershing Square South,2013,2908,40.751581,-73.97791,10168
1115,236,St Marks Pl & 2 Ave,2014,39262,40.7284186,-73.98713956,10003
1116,253,W 13 St & 5 Ave,2013,19341,40.73543934,-73.99453948,10003
1117,464,E 56 St & 3 Ave,2014,16067,40.75934501,-73.96759673,10022
1118,372,Franklin Ave & Myrtle Ave,2013,236,40.694546087246025,-73.95801365375519,11205
1119,369,Washington Pl & 6 Ave,2013,16794,40.73224119,-74.00026394,10012
1120,536,1 Ave & E 30 St,2014,33801,40.74144387,-73.97536082,10010
1121,345,W 13 St & 6 Ave,2015,23654,40.73649403,-73.99704374,10003
1122,489,10 Ave & W 28 St,2013,17733,40.75066386,-74.00176802,10001
1123,281,Grand Army Plaza & Central Park S,2014,42060,40.7643971,-73.97371465,10022
1124,300,Shevchenko Pl & E 7 St,2014,24014,40.728145,-73.990214,10003
1125,473,Rivington St & Chrystie St,2013,15100,40.72110063,-73.9919254,10012
1126,397,Fulton St & Clermont Ave,2015,4555,40.68415748,-73.96922273,11238
1127,445,E 10 St & Avenue A,2013,22414,40.72740794,-73.98142006,10009
1128,342,Columbia St & Rivington St,2015,8376,40.71739973,-73.98016555,10002
1129,3048,Putnam Ave & Nostrand Ave,2015,45,40.68402,-73.94977,11216
1130,407,Henry St & Poplar St,2014,6401,40.700469,-73.991454,11201
1131,474,5 Ave & E 29 St,2015,24632,40.7451677,-73.98683077,10016
1132,153,E 40 St & 5 Ave,2015,9466,40.75206231,-73.9816324,10165
1133,251,Mott St & Prince St,2013,26181,40.72317958,-73.99480012,10012
1134,312,Allen St & Stanton St,2013,2108,40.722055,-73.989111,10012
1135,151,Cleveland Pl & Spring St,2013,3630,40.722103786686034,-73.99724900722504,10012
1136,382,University Pl & E 14 St,2015,36513,40.73492695,-73.99200509,10003
1137,3215,Central Ave,2016,2234,40.7467299,-74.0492509,07307
1138,540,Lexington Ave & E 29 St,2013,2031,40.74311555376486,-73.98215353488922,10010
1139,395,Bond St & Schermerhorn St,2015,5354,40.68807003,-73.98410637,11217
1140,538,E 48 St & Madison Ave,2013,1399,40.75666,-73.976684,10167
1141,358,Christopher St & Greenwich St,2013,32999,40.73291553,-74.00711384,10014
1142,245,Myrtle Ave & St Edwards St,2015,2689,40.69327018,-73.97703874,11201
1143,305,E 58 St & 3 Ave,2015,23289,40.76095756,-73.96724467,10022
1144,380,W 4 St & 7 Ave S,2014,42953,40.73401143,-74.00293877,10014
1145,229,Great Jones St,2015,15775,40.72743423,-73.99379025,10012
1146,3129,Queens Plaza North & Crescent St,2015,895,40.75110165,-73.94073717,11101
1147,474,5 Ave & E 29 St,2013,22146,40.7451677,-73.98683077,10016
1148,476,E 31 St & 3 Ave,2013,23914,40.74394314,-73.97966069,10016
1149,468,Broadway & W 56 St,2013,3502,40.7652654,-73.98192338,10020
1150,223,W 13 St & 7 Ave,2013,19958,40.73781509,-73.99994661,10014
1151,3125,45 Rd & 11 St,2015,281,40.74708586,-73.94977234,11109
1152,150,E 2 St & Avenue C,2013,12283,40.7208736,-73.98085795,10009
1153,261,Johnson St & Gold St,2015,6734,40.69474881,-73.98362464,11201
1154,331,Pike St & Monroe St,2013,6710,40.71173107,-73.99193043,10103
1155,3098,Leonard St & Bayard St,2015,206,40.71928,-73.94861,11222
1156,531,Forsyth St & Broome St,2013,19318,40.71893904,-73.99266288,10012
1157,242,Flushing Ave & Carlton Ave,2015,2429,40.69788349,-73.97350332,11201
1158,119,Park Ave & St Edwards St,2013,1205,40.69608941,-73.97803415,11201
1159,151,Cleveland Pl & Spring St,2013,36530,40.7218158,-73.99720307,10012
1160,318,E 43 St & Vanderbilt Ave,2014,56264,40.75320159,-73.9779874,10165
1161,328,Watts St & Greenwich St,2013,18849,40.72405549,-74.00965965,10013
1162,244,Willoughby Ave & Hall St,2013,5497,40.69196035,-73.96536851,11205
1163,2017,E 43 St & 2 Ave,2015,7131,40.75022392,-73.97121414,10017
1164,345,W 13 St & 6 Ave,2013,26485,40.73649403,-73.99704374,10003
1165,324,DeKalb Ave & Hudson Ave,2014,12404,40.689888,-73.981013,11217
1166,422,W 59 St & 10 Ave,2013,20887,40.770513,-73.988038,10019
1167,3188,NJCU,2015,183,40.7101087,-74.0858489,07305
1168,320,Leonard St & Church St,2013,1435,40.717571,-74.005549,10278
1169,482,W 15 St & 7 Ave,2013,27634,40.73935542,-73.99931783,10014
1170,3184,Paulus Hook,2016,7807,40.7141454,-74.0335519,07302
1171,271,Ashland Pl & Hanson Pl,2013,1153,40.68522671947255,-73.97800147533417,11217
1172,478,11 Ave & W 41 St,2013,17749,40.76030096,-73.99884222,10036
1173,438,St Marks Pl & 1 Ave,2015,20044,40.72779126,-73.98564945,10009
1174,293,Lafayette St & E 8 St,2013,4432,40.73020660529954,-73.99102628231049,10003
1175,282,Kent Ave & S 11 St,2014,4921,40.70827295,-73.96834101,11211
1176,3212,Christ Hospital,2017,2393,40.734785818,-74.050443636,07307
1177,3020,NYCBS Test,2013,189,40.6466068,-74.01597,11220
1178,128,MacDougal St & Prince St,2013,31169,40.72710258,-74.00297088,10012
1179,278,Concord St & Bridge St,2013,3205,40.69766564,-73.98476437,11201
1180,480,W 53 St & 10 Ave,2013,13657,40.76669671,-73.99061728,10019
1181,305,E 58 St & 3 Ave,2013,24126,40.76095756,-73.96724467,10022
1182,301,E 2 St & Avenue B,2015,21247,40.72217444,-73.98368779,10009
1183,471,Grand St & Havemeyer St,2015,6817,40.71286844,-73.95698119,11211
1184,3210,Pershing Field,2015,1060,40.742677141,-74.051788633,07307
1185,83,Atlantic Ave & Fort Greene Pl,2013,10227,40.68382604,-73.97632328,11217
1186,212,W 16 St & The High Line,2015,12327,40.74334935,-74.00681753,10011
1187,147,Greenwich St & Warren St,2015,28257,40.71542197,-74.01121978,10007
1188,152,Warren St & Church St,2015,11830,40.71473993,-74.00910627,10007
1189,459,W 20 St & 11 Ave,2013,51783,40.746745,-74.007756,10011
1190,3186,Grove St PATH,2017,35857,40.71958611647166,-74.04311746358871,07302
1191,3180,Brooklyn Bridge Park - Pier 2,2015,1291,40.69878,-73.99712,10005
1192,414,Pearl St & Anchorage Pl,2013,7910,40.70281858,-73.98765762,11201
1193,504,1 Ave & E 16 St,2013,2331,40.73221853,-73.98165557,10003
1194,3002,South End Ave & Liberty St,2014,45461,40.711512,-74.015756,10006
1195,330,Reade St & Broadway,2013,13523,40.71450451,-74.00562789,10278
1196,479,9 Ave & W 45 St,2013,24704,40.76019252,-73.9912551,10036
1197,249,Harrison St & Hudson St,2013,10367,40.71870987,-74.0090009,10013
1198,498,Broadway & W 32 St,2014,38305,40.74854862,-73.98808416,10119
1199,475,E 16 St & Irving Pl,2014,26954,40.73524276,-73.98758561,10003
1200,453,W 22 St & 8 Ave,2013,25254,40.74475148,-73.99915362,10119
1201,426,West St & Chambers St,2014,63221,40.71754834,-74.01322069,10282
1202,3279,Dixon Mills,2016,2738,40.721630142638354,-74.04996782541275,07302
1203,412,Forsyth St & Canal St,2013,14147,40.7158155,-73.99422366,10103
1204,239,Willoughby St & Fleet St,2013,5486,40.69196566,-73.9813018,11201
1205,83,Atlantic Ave & Fort Greene Pl,2014,9776,40.68382604,-73.97632328,11217
1206,276,Duane St & Greenwich St,2013,12532,40.71748752,-74.0104554,10282
1207,257,Lispenard St & Broadway,2013,15305,40.71939226,-74.00247214,10278
1208,3225,Baldwin at Montgomery,2017,3686,40.7236589,-74.0641943,07304
1209,498,Broadway & W 32 St,2013,25003,40.74854862,-73.98808416,10119
1210,527,E 33 St & 2 Ave,2013,1593,40.744023,-73.976056,10016
1211,289,Monroe St & Classon Ave,2014,2195,40.6845683,-73.95881081,11238
1212,486,Broadway & W 29 St,2013,22375,40.7462009,-73.98855723,10119
1213,3019,NYCBS Depot - DEL,2013,351,40.716633,-73.981933,10002
1214,380,W 4 St & 7 Ave S,2013,33483,40.73401143,-74.00293877,10014
1215,271,Ashland Pl & Hanson Pl,2015,6386,40.68528172,-73.97805813,11217
1216,514,12 Ave & W 40 St,2013,22055,40.76087502,-74.00277668,10036
1217,510,W 51 St & 6 Ave,2013,18496,40.7606597,-73.98042047,10020
1218,475,E 16 St & Irving Pl,2013,20716,40.73524276,-73.98758561,10003
1219,502,Henry St & Grand St,2013,7927,40.714215,-73.981346,10002
1220,345,W 13 St & 6 Ave,2014,45847,40.73649403,-73.99704374,10003
1221,430,York St & Jay St,2013,11792,40.7014851,-73.98656928,11201
1222,528,2 Ave & E 31 St,2015,22252,40.74290902,-73.97706058,10016
1223,237,E 11 St & 2 Ave,2014,39065,40.73047309,-73.98672378,10003
1224,2004,6 Ave & Broome St,2013,11893,40.724399,-74.004704,10013
1225,504,1 Ave & E 15 St,2013,25639,40.73221853,-73.98165557,10003
1226,532,S 5 Pl & S 5 St,2013,1921,40.710451,-73.960876,11211
1227,505,6 Ave & W 33 St,2013,24174,40.74901271,-73.98848395,10119
1228,416,Cumberland St & Lafayette Ave,2013,6705,40.68753406,-73.97265183,11217
1229,82,St James Pl & Pearl St,2013,7341,40.71117416,-74.00016545,10038
1230,3077,Stagg St & Union Ave,2015,251,40.70877084,-73.95095259,11211
1231,241,DeKalb Ave & S Portland Ave,2013,4997,40.68981035,-73.97493121,11217
1232,334,W 20 St & 7 Ave,2015,24299,40.74238787,-73.99726235,10119
1233,351,Front St & Maiden Ln,2015,11153,40.70530954,-74.00612572,10038
1234,383,Greenwich Ave & Charles St,2014,28528,40.735238,-74.000271,10014
1235,511,E 14 St & Avenue B,2013,16598,40.72938685,-73.97772429,10009
1236,2001,7 Ave & Farragut St,2014,457,40.69892054,-73.97332996,11201
1237,79,Franklin St & W Broadway,2013,20966,40.71911552,-74.00666661,10013
1238,335,Washington Pl & Broadway,2013,20166,40.72903917,-73.99404649,10012
1239,225,W 14 St & The High Line,2013,16813,40.74195138,-74.00803013,10011
1240,404,9 Ave & W 14 St,2013,29254,40.7405826,-74.00550867,10014
1241,513,W 56 St & 10 Ave,2015,13470,40.768254,-73.988639,10019
1242,308,St James Pl & Oliver St,2013,10611,40.71307916,-73.99851193,10278
1243,285,Broadway & E 14 St,2013,47396,40.73454567,-73.99074142,10003
1244,368,Carmine St & 6 Ave,2015,38586,40.73038599,-74.00214988,10012
1245,3195,Sip Ave,2018,1,40.73074262530658,-74.06378388404846,07306
1246,217,Old Fulton St,2014,13106,40.70277159,-73.99383605,11201
1247,488,W 39 St & 9 Ave,2015,26381,40.75645824,-73.99372222,10018
1248,355,Bayard St & Baxter St,2013,16812,40.71602118,-73.99974372,10278
1249,503,E 20 St & Park Ave,2013,11923,40.73827428,-73.98751968,10010
1250,3097,N Henry St & Richardson St,2015,205,40.71921585,-73.9424469,11222
1251,423,W 54 St & 9 Ave,2013,12046,40.76584941,-73.98690506,10019
1252,508,W 46 St & 11 Ave,2014,22066,40.76341379,-73.99667444,10036
1253,236,St Marks Pl & 2 Ave,2013,24011,40.7284186,-73.98713956,10003
1254,3193,Lincoln Park,2015,816,40.7246050998869,-74.07840594649315,07304
1255,174,E 25 St & 1 Ave,2013,14496,40.7381765,-73.97738662,10010
1256,439,E 4 St & 2 Ave,2013,24499,40.7262807,-73.98978041,10012
1257,270,Adelphi St & Myrtle Ave,2015,7230,40.69308257,-73.97178913,11205
1258,379,W 31 St & 7 Ave,2013,21801,40.749156,-73.9916,10119
1259,361,Allen St & Hester St,2014,31165,40.71605866,-73.99190759,10002
1260,539,Metropolitan Ave & Bedford Ave,2015,12131,40.71534825,-73.96024116,11211
1261,485,W 37 St & 5 Ave,2013,17831,40.75038009,-73.98338988,10165
1262,321,Cadman Plaza E & Red Cross Pl,2013,1684,40.69991755,-73.98971773,11201
1263,167,E 39 St & 3 Ave,2014,34484,40.7489006,-73.97604882,10168
1264,494,W 26 St & 8 Ave,2013,22100,40.74734825,-73.99723551,10119
1265,2003,1 Ave & E 18 St,2013,1690,40.733812191966315,-73.98054420948029,10010
1266,532,S 5 Pl & S 4 St,2014,19405,40.710451,-73.960876,11211
1267,356,Bialystoker Pl & Delancey St,2013,9243,40.71622644,-73.98261206,10002
1268,477,W 41 St & 8 Ave,2013,40074,40.75640548,-73.9900262,10018
1269,248,Laight St & Hudson St,2014,7617,40.72185379,-74.00771779,10013
1270,3274,Bethune Center,2017,61,40.704957516728605,-74.08593088388443,07305
1271,247,Perry St & Bleecker St,2013,15596,40.73535398,-74.00483091,10014
1272,2006,Central Park S & 6 Ave,2013,28610,40.76590936,-73.97634151,10111
1273,493,W 45 St & 6 Ave,2013,15973,40.7568001,-73.98291153,10112
1274,2008,Little West St & 1 Pl,2013,10829,40.70569254,-74.01677685,10280
1275,311,Norfolk St & Broome St,2013,14038,40.7172274,-73.98802084,10002
1276,459,W 20 St & 11 Ave,2014,39644,40.746745,-74.007756,10011
1277,128,MacDougal St & Prince St,2014,41063,40.72710258,-74.00297088,10012
1278,520,W 52 St & 5 Ave,2013,14904,40.75992262,-73.97648516,10111
1279,433,E 13 St & Avenue A,2013,21902,40.72955361,-73.98057249,10009
1280,427,State St,2014,2895,40.70251526,-74.01427023,10004
1281,493,W 45 St & 6 Ave (1),2013,1900,40.7568001,-73.98291153,10112
1282,294,Washington Square E,2013,26990,40.73049393,-73.9957214,10012
1283,265,Stanton St & Chrystie St,2013,16279,40.72229346,-73.99147535,10012
1284,146,Hudson St & Reade St,2014,19336,40.71625008,-74.0091059,10007
1285,525,W 34 St & 11 Ave,2014,16085,40.75594159,-74.0021163,10001
1286,488,W 39 St & 9 Ave,2014,42504,40.75645824,-73.99372222,10018
1287,384,Fulton St & Washington Ave,2013,879,40.683048,-73.964915,11238
1288,329,Greenwich St & N Moore St,2014,31746,40.72043411,-74.01020609,10013
1289,516,E 47 St & 1 Ave,2013,8206,40.75206862,-73.96784384,10017
1290,391,Clark St & Henry St,2013,11307,40.69760127,-73.99344559,11201
1291,475,E 15 St & Irving Pl,2013,2375,40.73524276,-73.98758561,10003
1292,406,Hicks St & Montague St,2013,9272,40.69512845,-73.99595065,11201
1293,469,Broadway & W 53 St,2013,23738,40.76344058,-73.98268129,10020
1294,406,Hicks St & Montague St,2014,12090,40.69512845,-73.99595065,11201
1295,404,9 Ave & W 14 St,2014,37283,40.7405826,-74.00550867,10014
1296,365,Fulton St & Grand Ave,2013,4342,40.68223166,-73.9614583,11238
1297,238,Bank St & Washington St,2013,17847,40.7361967,-74.00859207,10014
1298,309,Murray St & West St,2013,14119,40.7149787,-74.013012,10282
1299,449,W 52 St & 9 Ave,2013,13685,40.76461837,-73.98789473,10019
1300,509,9 Ave & W 22 St,2013,27940,40.7454973,-74.00197139,10011
1301,414,Pearl St & Anchorage Pl,2015,6556,40.70281858,-73.98765762,11201
1302,319,Park Pl & Church St,2014,18625,40.71336124,-74.00937622,10007
1303,386,Centre St & Worth St,2013,15339,40.71494807,-74.00234482,10278
1304,326,E 11 St & 1 Ave,2013,23690,40.72953837,-73.98426726,10003
1305,444,Broadway & W 24 St,2013,40044,40.7423543,-73.98915076,10010
1306,271,Ashland Pl & Hanson Pl,2014,16182,40.68528172,-73.97805813,11217
1307,398,Atlantic Ave & Furman St,2015,7372,40.69165183,-73.9999786,10005
1308,521,8 Ave & W 31 St N,2013,4409,40.75096734871598,-73.99444207549095,10119
